frame,time,x_center,y_center
1,0,883,583
2,0.0333333,882.83333333391,583.222222221453
3,0.0666667,882.66666666782,583.444444442907
4,0.1,882.50000000173,583.66666666436
5,0.1333333,882.33333333564,583.888888885813
6,0.1666667,882.16666666955,584.111111107267
7,0.2,882.00000000346,584.33333332872
8,0.2333334,881.83333333737,584.555555550173
9,0.2666667,881.66666667128,584.777777771626
10,0.3,881.5,585
11,0.3333333,881.124999907548,585.375000092453
12,0.3666666,880.749999815095,585.750000184905
13,0.4,880.374999722643,586.125000277357
14,0.4333333,880,586.5
15,0.4666667,879.250000377595,586.874999811203
16,0.5,878.50000075519,587.249999622405
17,0.5333333,877.750001132785,587.624999433608
18,0.5666667,877,588
19,0.6,876.624999907548,588.50000012327
20,0.6333333,876.249999815095,589.00000024654
21,0.6666666,875.874999722643,589.50000036981
22,0.7,875.5,590
23,0.7333333,875.062500056201,590.437499943799
24,0.7666667,874.625000112403,590.874999887597
25,0.8,874.187500168604,591.312499831396
26,0.8333334,873.750000224805,591.749999775195
27,0.8666666,873.312500281006,592.187499718993
28,0.9,872.875000337208,592.624999662792
29,0.9333333,872.437500393409,593.062499606591
30,0.9666667,872,593.5
31,1,871.750000000865,593.749999999135
32,1.0333333,871.50000000173,593.99999999827
33,1.0666667,871.250000002595,594.249999997405
34,1.1,871.00000000346,594.49999999654
35,1.1333334,870.750000004325,594.749999995675
36,1.1666667,870.5,595
37,1.2,869.874999845912,595.375000092453
38,1.2333333,869.249999691825,595.750000184905
39,1.2666667,868.624999537738,596.125000277357
40,1.3,868,596.5
41,1.3333333,867.900000020346,596.300000040692
42,1.3666667,867.800000040692,596.100000081384
43,1.4,867.700000061038,595.900000122076
44,1.4333333,867.600000081384,595.700000162768
45,1.4666667,867.5,595.5
46,1.5,867.374999969182,595.5
47,1.5333334,867.249999938365,595.5
48,1.5666666,867.124999907547,595.5
49,1.6,867,595.5
50,1.6333333,867.099999979654,595.699999959308
51,1.6666667,867.199999959308,595.899999918616
52,1.7,867.299999938962,596.099999877924
53,1.7333333,867.399999918616,596.299999837232
54,1.7666667,867.5,596.5
55,1.8,867.299999920692,596.399999960346
56,1.8333334,867.099999841384,596.299999920692
57,1.8666666,866.899999762076,596.199999881038
58,1.9,866.699999682768,596.099999841384
59,1.9333333,866.5,596
60,1.9666667,866.5,596.249999999135
61,2,866.5,596.49999999827
62,2.0333334,866.5,596.749999997405
63,2.0666667,866.5,596.99999999654
64,2.1,866.5,597.249999995675
65,2.1333333,866.5,597.5
66,2.1666667,866.200000061038,597.5
67,2.2,865.900000122076,597.5
68,2.2333333,865.600000183114,597.5
69,2.2666667,865.300000244152,597.5
70,2.3,865,597.5
71,2.3333333,865,597.899999918616
72,2.3666666,865,598.299999837232
73,2.4,865,598.699999755848
74,2.4333334,865,599.099999674464
75,2.4666667,865,599.5
76,2.5,864.66666666782,599.749999999135
77,2.5333333,864.33333333564,599.99999999827
78,2.5666667,864.00000000346,600.249999997405
79,2.6,863.66666667128,600.49999999654
80,2.6333333,863.3333333391,600.749999995675
81,2.6666667,863,601
82,2.7,862.374999845913,601.375000092452
83,2.7333334,861.749999691825,601.750000184905
84,2.7666667,861.124999537738,602.125000277357
85,2.8,860.5,602.5
86,2.8333333,860.5,602.875000092452
87,2.8666667,860.5,603.250000184905
88,2.9,860.5,603.625000277357
89,2.9333333,860.5,604
90,2.9666667,860.200000061038,604.199999959308
91,3,859.900000122076,604.399999918616
92,3.0333334,859.600000183114,604.599999877924
93,3.0666666,859.300000244152,604.799999837232
94,3.1,859,605
95,3.1333333,858.50000010173,605.199999959308
96,3.1666666,858.00000020346,605.399999918616
97,3.2,857.50000030519,605.599999877924
98,3.2333333,857.00000040692,605.799999837232
99,3.2666667,856.5,606
100,3.3,856.5,605.83333333391
101,3.3333334,856.5,605.66666666782
102,3.3666667,856.5,605.5
103,3.4,856.699999959308,605.599999979654
104,3.4333333,856.899999918616,605.699999959308
105,3.4666667,857.099999877924,605.799999938962
106,3.5,857.299999837232,605.899999918616
107,3.5333334,857.5,606
108,3.5666666,857.399999960346,606.200000079308
109,3.6,857.299999920692,606.400000158616
110,3.6333333,857.199999881038,606.600000237924
111,3.6666667,857.099999841384,606.800000317232
112,3.7,857,607
113,3.7333333,857.199999959308,607.099999979654
114,3.7666666,857.399999918616,607.199999959308
115,3.8,857.599999877924,607.299999938962
116,3.8333334,857.799999837232,607.399999918616
117,3.8666667,858,607.5
118,3.9,858,607.428571418615
119,3.9333334,858,607.357142837229
120,3.9666666,858,607.285714255843
121,4,858,607.214285674458
122,4.0333333,858,607.142857093073
123,4.0666667,858,607.071428511687
124,4.1,858,607
125,4.1333333,858,606.900000020346
126,4.1666666,858,606.800000040692
127,4.2,858,606.700000061038
128,4.2333333,858,606.600000081384
129,4.2666667,858,606.5
130,4.3,858.249999999135,606.583333333045
131,4.3333334,858.49999999827,606.66666666609
132,4.3666666,858.749999997405,606.749999999135
133,4.4,858.99999999654,606.83333333218
134,4.4333333,859.249999995675,606.916666665225
135,4.4666667,859.5,607
136,4.5,859.583333333045,606.916666666955
137,4.5333333,859.66666666609,606.83333333391
138,4.5666666,859.749999999135,606.750000000865
139,4.6,859.83333333218,606.66666666782
140,4.6333333,859.916666665225,606.583333334775
141,4.6666667,860,606.5
142,4.7,859.916666666955,606.583333333045
143,4.7333334,859.83333333391,606.66666666609
144,4.7666666,859.750000000865,606.749999999135
145,4.8,859.66666666782,606.83333333218
146,4.8333333,859.583333334775,606.916666665225
147,4.8666667,859.5,607
148,4.9,859.833333498847,607
149,4.9333333,860.166666997693,607
150,4.9666667,860.50000049654,607
151,5,860.833333995387,607
152,5.0333333,861.166667494233,607
153,5.0666666,861.5,607
154,5.1,861.400000020346,606.800000040692
155,5.1333334,861.300000040692,606.600000081384
156,5.1666667,861.200000061038,606.400000122076
157,5.2,861.100000081384,606.200000162768
158,5.2333333,861,606
159,5.2666666,861.142857162771,605.928571418615
160,5.3,861.285714325542,605.857142837229
161,5.3333333,861.428571488313,605.785714255844
162,5.3666667,861.571428651084,605.714285674458
163,5.4,861.714285813855,605.642857093073
164,5.4333334,861.857142976626,605.571428511687
165,5.4666666,862,605.5
166,5.5,862.083333333045,605.5
167,5.5333333,862.16666666609,605.5
168,5.5666667,862.249999999135,605.5
169,5.6,862.33333333218,605.5
170,5.6333333,862.416666665225,605.5
171,5.6666666,862.5,605.5
172,5.7,862.100000321384,605.799999758962
173,5.7333333,861.700000642768,606.099999517924
174,5.7666667,861.300000964152,606.399999276886
175,5.8,860.900001285535,606.699999035849
176,5.8333334,860.5,607
177,5.8666666,860.583333374712,607
178,5.9,860.666666749423,607
179,5.9333333,860.750000124135,607
180,5.9666667,860.833333498847,607
181,6,860.916666873558,607
182,6.0333333,861,607
183,6.0666666,861.124999983943,606.937500008029
184,6.1,861.249999967885,606.875000016057
185,6.1333333,861.374999951828,606.812500024086
186,6.1666667,861.49999993577,606.750000032115
187,6.2,861.624999919713,606.687500040144
188,6.2333334,861.749999903655,606.625000048172
189,6.2666666,861.874999887598,606.562500056201
190,6.3,862,606.5
191,6.3333333,861.66666666782,606.749999999135
192,6.3666667,861.33333333564,606.99999999827
193,6.4,861.00000000346,607.249999997405
194,6.4333333,860.66666667128,607.49999999654
195,6.4666666,860.3333333391,607.749999995675
196,6.5,860,608
197,6.5333333,860,608.16666666609
198,6.5666667,860,608.33333333218
199,6.6,860,608.49999999827
200,6.6333334,860,608.66666666436
201,6.6666666,860,608.83333333045
202,6.7,860,609
203,6.7333333,859.916666666955,609.16666666609
204,6.7666667,859.83333333391,609.33333333218
205,6.8,859.750000000865,609.49999999827
206,6.8333333,859.66666666782,609.66666666436
207,6.8666666,859.583333334775,609.83333333045
208,6.9,859.5,610
209,6.9333333,859.409090892877,610
210,6.9666667,859.318181785753,610
211,7,859.22727267863,610
212,7.0333334,859.136363571506,610
213,7.0666666,859.045454464383,610
214,7.1,858.954545357259,610
215,7.1333333,858.863636250136,610
216,7.1666667,858.772727143012,610
217,7.2,858.681818035889,610
218,7.2333333,858.590908928765,610
219,7.2666666,858.5,610
220,7.3,858.624999983942,610.562499927741
221,7.3333333,858.749999967885,611.124999855482
222,7.3666667,858.874999951827,611.687499783223
223,7.4,858.99999993577,612.249999710965
224,7.4333334,859.124999919712,612.812499638706
225,7.4666666,859.249999903655,613.374999566447
226,7.5,859.374999887597,613.937499494188
227,7.5333333,859.5,614.5
228,7.5666667,859.699999959308,614.699999959308
229,7.6,859.899999918616,614.899999918616
230,7.6333333,860.099999877924,615.099999877924
231,7.6666666,860.299999837232,615.299999837232
232,7.7,860.5,615.5
233,7.7333333,860.571428581385,615.642857162771
234,7.7666667,860.642857162771,615.785714325542
235,7.8,860.714285744157,615.928571488313
236,7.8333334,860.785714325542,616.071428651084
237,7.8666666,860.857142906927,616.214285813855
238,7.9,860.928571488313,616.357142976626
239,7.9333333,861,616.5
240,7.9666667,860.714285796907,616.142857246134
241,8,860.428571593814,615.785714492267
242,8.0333333,860.142857390721,615.428571738401
243,8.0666666,859.857143187628,615.071428984535
244,8.1,859.571428984535,614.714286230668
245,8.1333333,859.285714781442,614.357143476802
246,8.1666667,859,614
247,8.2,860,615
248,8.2333333,859.5,615.5
249,8.2666667,859,616
250,8.3,856.249997259513,615.749999750865
251,8.3333333,853.5,615.5
252,8.3666667,852.50000050346,615.250000125865
253,8.4,851.5,615
254,8.4333333,848.5,615.5
255,8.4666666,846,615
256,8.5,844,615
257,8.5333333,842,616
258,8.5666667,838.5,616
259,8.6,835.5,615.5
260,8.6333334,833.5,615.5
261,8.6666666,828.5,615
262,8.7,825,614.5
263,8.7333333,820.50000226557,614.5
264,8.7666667,816,614.5
265,8.8,812,614.5
266,8.8333333,805.5,615
267,8.8666666,801,615
268,8.9,797,615
269,8.9333333,790.50000327249,615.124999937068
270,8.9666667,784.000006544979,615.249999874135
271,9,777.500009817469,615.374999811203
272,9.0333334,771,615.5
273,9.0666666,766.499995515566,615.166666334486
274,9.1,761.999991031133,614.833332668973
275,9.1333333,757.5,614.5
276,9.1666667,751.249998459126,614.625000030818
277,9.2,744.999996918252,614.750000061635
278,9.2333333,738.749995377378,614.875000092453
279,9.2666666,732.5,615
280,9.3,722.5,615.5
281,9.3333333,716.50000302076,615.00000025173
282,9.3666667,710.5,614.5
283,9.4,704.250003146625,614.749999874135
284,9.4333334,698,615
285,9.4666666,691.999994020755,614.49999950173
286,9.5,685.99998804151,613.999999003459
287,9.5333333,680,613.5
288,9.5666667,673.50000327249,613.749999874135
289,9.6,667,614
290,9.6333333,659.5,613.5
291,9.6666666,NaN,NaN
292,9.7,NaN,NaN
293,9.7333333,NaN,NaN
294,9.7666667,NaN,NaN
295,9.8,NaN,NaN
296,9.8333334,NaN,NaN
297,9.8666666,NaN,NaN
298,9.9,NaN,NaN
299,9.9333333,NaN,NaN
300,9.9666667,NaN,NaN
301,10,NaN,NaN
302,10.0333333,NaN,NaN
303,10.0666666,NaN,NaN
304,10.1,NaN,NaN
305,10.1333333,NaN,NaN
306,10.1666667,NaN,NaN
307,10.2,NaN,NaN
308,10.2333334,NaN,NaN
309,10.2666666,NaN,NaN
310,10.3,NaN,NaN
311,10.3333333,NaN,NaN
312,10.3666667,NaN,NaN
313,10.4,NaN,NaN
314,10.4333333,NaN,NaN
315,10.4666666,NaN,NaN
316,10.5,NaN,NaN
317,10.5333333,NaN,NaN
318,10.5666667,NaN,NaN
319,10.6,NaN,NaN
320,10.6333334,NaN,NaN
321,10.6666666,NaN,NaN
322,10.7,NaN,NaN
323,10.7333333,NaN,NaN
324,10.7666667,NaN,NaN
325,10.8,NaN,NaN
326,10.8333333,NaN,NaN
327,10.8666666,NaN,NaN
328,10.9,NaN,NaN
329,10.9333333,NaN,NaN
330,10.9666667,NaN,NaN
331,11,NaN,NaN
332,11.0333334,NaN,NaN
333,11.0666666,NaN,NaN
334,11.1,NaN,NaN
335,11.1333333,NaN,NaN
336,11.1666667,NaN,NaN
337,11.2,NaN,NaN
338,11.2333333,NaN,NaN
339,11.2666666,NaN,NaN
340,11.3,NaN,NaN
341,11.3333333,NaN,NaN
342,11.3666667,NaN,NaN
343,11.4,NaN,NaN
344,11.4333334,NaN,NaN
345,11.4666666,NaN,NaN
346,11.5,NaN,NaN
347,11.5333333,NaN,NaN
348,11.5666667,NaN,NaN
349,11.6,NaN,NaN
350,11.6333333,NaN,NaN
351,11.6666666,NaN,NaN
352,11.7,NaN,NaN
353,11.7333333,NaN,NaN
354,11.7666667,NaN,NaN
355,11.8,NaN,NaN
356,11.8333334,NaN,NaN
357,11.8666666,NaN,NaN
358,11.9,NaN,NaN
359,11.9333333,NaN,NaN
360,11.9666666,NaN,NaN
361,12,NaN,NaN
362,12.0333333,NaN,NaN
363,12.0666667,NaN,NaN
364,12.1,NaN,NaN
365,12.1333334,NaN,NaN
366,12.1666666,NaN,NaN
367,12.2,NaN,NaN
368,12.2333333,NaN,NaN
369,12.2666667,NaN,NaN
370,12.3,NaN,NaN
371,12.3333333,NaN,NaN
372,12.3666666,NaN,NaN
373,12.4,NaN,NaN
374,12.4333333,NaN,NaN
375,12.4666667,NaN,NaN
376,12.5,NaN,NaN
377,12.5333334,NaN,NaN
378,12.5666666,NaN,NaN
379,12.6,NaN,NaN
380,12.6333333,NaN,NaN
381,12.6666667,NaN,NaN
382,12.7,NaN,NaN
383,12.7333333,NaN,NaN
384,12.7666666,NaN,NaN
385,12.8,NaN,NaN
386,12.8333333,NaN,NaN
387,12.8666667,NaN,NaN
388,12.9,NaN,NaN
389,12.9333334,NaN,NaN
390,12.9666666,NaN,NaN
391,13,NaN,NaN
392,13.0333333,NaN,NaN
393,13.0666667,NaN,NaN
394,13.1,NaN,NaN
395,13.1333333,NaN,NaN
396,13.1666666,NaN,NaN
397,13.2,NaN,NaN
398,13.2333334,NaN,NaN
399,13.2666667,NaN,NaN
400,13.3,NaN,NaN
401,13.3333333,NaN,NaN
402,13.3666666,NaN,NaN
403,13.4,NaN,NaN
404,13.4333333,NaN,NaN
405,13.4666667,NaN,NaN
406,13.5,NaN,NaN
407,13.5333334,NaN,NaN
408,13.5666666,NaN,NaN
409,13.6,NaN,NaN
410,13.6333333,NaN,NaN
411,13.6666667,NaN,NaN
412,13.7,NaN,NaN
413,13.7333333,NaN,NaN
414,13.7666666,NaN,NaN
415,13.8,NaN,NaN
416,13.8333333,NaN,NaN
417,13.8666667,NaN,NaN
418,13.9,NaN,NaN
419,13.9333333,NaN,NaN
420,13.9666667,NaN,NaN
421,14,NaN,NaN
422,14.0333333,NaN,NaN
423,14.0666667,NaN,NaN
424,14.1,NaN,NaN
425,14.1333334,NaN,NaN
426,14.1666666,NaN,NaN
427,14.2,NaN,NaN
428,14.2333333,NaN,NaN
429,14.2666667,NaN,NaN
430,14.3,NaN,NaN
431,14.3333333,NaN,NaN
432,14.3666666,NaN,NaN
433,14.4,NaN,NaN
434,14.4333333,NaN,NaN
435,14.4666667,NaN,NaN
436,14.5,NaN,NaN
437,14.5333334,NaN,NaN
438,14.5666666,NaN,NaN
439,14.6,NaN,NaN
440,14.6333333,NaN,NaN
441,14.6666667,NaN,NaN
442,14.7,NaN,NaN
443,14.7333333,NaN,NaN
444,14.7666666,NaN,NaN
445,14.8,NaN,NaN
446,14.8333333,NaN,NaN
447,14.8666667,NaN,NaN
448,14.9,NaN,NaN
449,14.9333334,NaN,NaN
450,14.9666666,NaN,NaN
451,15,NaN,NaN
452,15.0333333,NaN,NaN
453,15.0666667,NaN,NaN
454,15.1,NaN,NaN
455,15.1333333,NaN,NaN
456,15.1666666,NaN,NaN
457,15.2,NaN,NaN
458,15.2333333,NaN,NaN
459,15.2666667,NaN,NaN
460,15.3,NaN,NaN
461,15.3333334,NaN,NaN
462,15.3666666,NaN,NaN
463,15.4,NaN,NaN
464,15.4333333,NaN,NaN
465,15.4666667,NaN,NaN
466,15.5,NaN,NaN
467,15.5333333,NaN,NaN
468,15.5666666,NaN,NaN
469,15.6,NaN,NaN
470,15.6333333,NaN,NaN
471,15.6666667,NaN,NaN
472,15.7,NaN,NaN
473,15.7333334,NaN,NaN
474,15.7666666,NaN,NaN
475,15.8,NaN,NaN
476,15.8333333,NaN,NaN
477,15.8666667,NaN,NaN
478,15.9,NaN,NaN
479,15.9333333,NaN,NaN
480,15.9666666,NaN,NaN
481,16,NaN,NaN
482,16.0333333,NaN,NaN
483,16.0666667,NaN,NaN
484,16.1,NaN,NaN
485,16.1333334,NaN,NaN
486,16.1666666,NaN,NaN
487,16.2,NaN,NaN
488,16.2333333,NaN,NaN
489,16.2666667,NaN,NaN
490,16.3,NaN,NaN
491,16.3333333,NaN,NaN
492,16.3666666,NaN,NaN
493,16.4,NaN,NaN
494,16.4333333,NaN,NaN
495,16.4666667,NaN,NaN
496,16.5,NaN,NaN
497,16.5333334,NaN,NaN
498,16.5666666,NaN,NaN
499,16.6,NaN,NaN
500,16.6333333,NaN,NaN
501,16.6666666,NaN,NaN
502,16.7,NaN,NaN
503,16.7333333,NaN,NaN
504,16.7666667,NaN,NaN
505,16.8,NaN,NaN
506,16.8333334,NaN,NaN
507,16.8666666,NaN,NaN
508,16.9,NaN,NaN
509,16.9333333,NaN,NaN
510,16.9666667,NaN,NaN
511,17,NaN,NaN
512,17.0333333,NaN,NaN
513,17.0666666,NaN,NaN
514,17.1,NaN,NaN
515,17.1333333,NaN,NaN
516,17.1666667,NaN,NaN
517,17.2,NaN,NaN
518,17.2333334,NaN,NaN
519,17.2666666,NaN,NaN
520,17.3,NaN,NaN
521,17.3333333,NaN,NaN
522,17.3666667,NaN,NaN
523,17.4,NaN,NaN
524,17.4333333,NaN,NaN
525,17.4666666,NaN,NaN
526,17.5,NaN,NaN
527,17.5333333,NaN,NaN
528,17.5666667,NaN,NaN
529,17.6,NaN,NaN
530,17.6333334,NaN,NaN
531,17.6666666,NaN,NaN
532,17.7,NaN,NaN
533,17.7333333,NaN,NaN
534,17.7666667,NaN,NaN
535,17.8,NaN,NaN
536,17.8333333,NaN,NaN
537,17.8666666,NaN,NaN
538,17.9,NaN,NaN
539,17.9333333,NaN,NaN
540,17.9666667,NaN,NaN
541,18,NaN,NaN
542,18.0333334,NaN,NaN
543,18.0666666,NaN,NaN
544,18.1,NaN,NaN
545,18.1333333,NaN,NaN
546,18.1666667,NaN,NaN
547,18.2,NaN,NaN
548,18.2333333,NaN,NaN
549,18.2666666,NaN,NaN
550,18.3,NaN,NaN
551,18.3333333,NaN,NaN
552,18.3666667,NaN,NaN
553,18.4,NaN,NaN
554,18.4333334,NaN,NaN
555,18.4666666,NaN,NaN
556,18.5,NaN,NaN
557,18.5333333,NaN,NaN
558,18.5666667,NaN,NaN
559,18.6,NaN,NaN
560,18.6333333,NaN,NaN
561,18.6666666,NaN,NaN
562,18.7,NaN,NaN
563,18.7333333,NaN,NaN
564,18.7666667,NaN,NaN
565,18.8,NaN,NaN
566,18.8333334,NaN,NaN
567,18.8666666,NaN,NaN
568,18.9,NaN,NaN
569,18.9333333,NaN,NaN
570,18.9666667,NaN,NaN
571,19,NaN,NaN
572,19.0333333,NaN,NaN
573,19.0666666,NaN,NaN
574,19.1,NaN,NaN
575,19.1333333,NaN,NaN
576,19.1666667,NaN,NaN
577,19.2,NaN,NaN
578,19.2333334,NaN,NaN
579,19.2666666,NaN,NaN
580,19.3,NaN,NaN
581,19.3333333,NaN,NaN
582,19.3666667,NaN,NaN
583,19.4,NaN,NaN
584,19.4333333,NaN,NaN
585,19.4666666,NaN,NaN
586,19.5,NaN,NaN
587,19.5333333,NaN,NaN
588,19.5666667,NaN,NaN
589,19.6,NaN,NaN
590,19.6333334,NaN,NaN
591,19.6666666,NaN,NaN
592,19.7,NaN,NaN
593,19.7333333,NaN,NaN
594,19.7666667,NaN,NaN
595,19.8,NaN,NaN
596,19.8333333,NaN,NaN
597,19.8666666,NaN,NaN
598,19.9,NaN,NaN
599,19.9333333,NaN,NaN
600,19.9666667,NaN,NaN
601,20,NaN,NaN
602,20.0333333,NaN,NaN
603,20.0666667,NaN,NaN
604,20.1,NaN,NaN
605,20.1333333,NaN,NaN
606,20.1666667,NaN,NaN
607,20.2,NaN,NaN
608,20.2333334,NaN,NaN
609,20.2666666,NaN,NaN
610,20.3,NaN,NaN
611,20.3333333,NaN,NaN
612,20.3666667,NaN,NaN
613,20.4,NaN,NaN
614,20.4333333,NaN,NaN
615,20.4666666,NaN,NaN
616,20.5,NaN,NaN
617,20.5333333,NaN,NaN
618,20.5666667,NaN,NaN
619,20.6,NaN,NaN
620,20.6333334,NaN,NaN
621,20.6666666,NaN,NaN
622,20.7,NaN,NaN
623,20.7333333,NaN,NaN
624,20.7666667,NaN,NaN
625,20.8,NaN,NaN
626,20.8333333,NaN,NaN
627,20.8666666,NaN,NaN
628,20.9,NaN,NaN
629,20.9333334,NaN,NaN
630,20.9666667,NaN,NaN
631,21,NaN,NaN
632,21.0333333,NaN,NaN
633,21.0666666,NaN,NaN
634,21.1,NaN,NaN
635,21.1333333,NaN,NaN
636,21.1666667,NaN,NaN
637,21.2,NaN,NaN
638,21.2333334,NaN,NaN
639,21.2666666,NaN,NaN
640,21.3,NaN,NaN
641,21.3333333,NaN,NaN
642,21.3666667,NaN,NaN
643,21.4,NaN,NaN
644,21.4333333,NaN,NaN
645,21.4666666,NaN,NaN
646,21.5,NaN,NaN
647,21.5333333,663,235
648,21.5666667,668,235
649,21.6,672,234.5
650,21.6333334,677.500005600923,235.50000101835
651,21.6666666,683,236.5
652,21.7,687.166662576457,236.333333496942
653,21.7333333,691.333325152913,236.166666993883
654,21.7666667,695.5,236
655,21.8,700.625001375287,236
656,21.8333333,705.750002750574,236
657,21.8666666,710.875004125861,236
658,21.9,716,236
659,21.9333334,721.500000100917,237.000000018349
660,21.9666667,727.000000201835,238.000000036697
661,22,732.5,239
662,22.0333333,738.000000100918,238.833333330275
663,22.0666666,743.500000201835,238.66666666055
664,22.1,749,238.5
665,22.1333333,753.666666752294,238.5
666,22.1666667,758.333333504587,238.5
667,22.2,763,238.5
668,22.2333334,768.166666761468,238.333333330275
669,22.2666666,773.333333522936,238.16666666055
670,22.3,778.5,238
671,22.3333333,783.833333431193,238
672,22.3666667,789.166666862385,238
673,22.4,794.5,238
674,22.4333333,799.500001341743,238.125000033544
675,22.4666667,804.500002683487,238.250000067087
676,22.5,809.50000402523,238.375000100631
677,22.5333333,814.5,238.5
678,22.5666667,819.999997350919,238.250000120413
679,22.6,825.5,238
680,22.6333334,830.666666761468,237.833333330275
681,22.6666666,835.833333522936,237.66666666055
682,22.7,841,237.5
683,22.7333333,846.000000091743,237.83333333945
684,22.7666667,851.000000183486,238.166666678899
685,22.8,856,238.5
686,22.8333333,861.500000100917,238.666666669725
687,22.8666666,867.000000201835,238.83333333945
688,22.9,872.5,239
689,22.9333333,877.499997591744,238.500000240826
690,22.9666667,882.499995183489,238.000000481651
691,23,887.499992775233,237.500000722477
692,23.0333334,892.5,237
693,23.0666666,897.500005091748,237.333333672783
694,23.1,902.500010183496,237.666667345566
695,23.1333333,907.5,238
696,23.1666667,913.250000105505,238
697,23.2,919.000000211009,238
698,23.2333333,924.750000316514,238
699,23.2666666,930.500000422018,238
700,23.3,936.250000527523,238
701,23.3333333,942,238
702,23.3666667,947.699998964587,238
703,23.4,953.399997929174,238
704,23.4333334,959.099996893762,238
705,23.4666666,964.799995858349,238
706,23.5,970.5,238
707,23.5333333,976.000001475918,238.125000033544
708,23.5666666,981.500002951836,238.250000067087
709,23.6,987.000004427754,238.375000100631
710,23.6333333,992.5,238.5
711,23.6666667,998.000000100917,238.666666669725
712,23.7,1003.50000020183,238.83333333945
713,23.7333333,1009,239
714,23.7666667,1015.24999698968,238.750000120413
715,23.8,1021.5,238.5
716,23.8333333,1026.74999747133,238.749999879587
717,23.8666667,1032,239
718,23.9,1037.50000147592,239
719,23.9333334,1043.00000295184,239
720,23.9666666,1048.50000442775,239
721,24,1054,239
722,24.0333333,1060.00000251009,239.100000041835
723,24.0666667,1066.00000502019,239.20000008367
724,24.1,1072.00000753028,239.300000125505
725,24.1333333,1078.00001004037,239.40000016734
726,24.1666666,1084,239.5
727,24.2,1089.69999554459,239.400000078165
728,24.2333333,1095.39999108918,239.30000015633
729,24.2666667,1101.09998663377,239.200000234495
730,24.3,1106.79998217836,239.10000031266
731,24.3333334,1112.5,239
732,24.3666666,1119.5,238.5
733,24.4,1125.3749971703,238.749999879587
734,24.4333333,1131.2499943406,238.999999759174
735,24.4666667,1137.1249915109,239.249999638762
736,24.5,1143,239.5
737,24.5333333,1148.83333344037,239.5
738,24.5666666,1154.66666688073,239.5
739,24.6,1160.5,239.5
740,24.6333334,1166.50000251009,239.800000125505
741,24.6666667,1172.50000502019,240.100000251009
742,24.7,1178.50000753028,240.400000376514
743,24.7333333,1184.50001004037,240.700000502019
744,24.7666666,1190.5,241
745,24.8,1196.66666061316,240.833333496942
746,24.8333333,1202.83332122631,240.666666993883
747,24.8666667,1209,240.5
748,24.9,1214.66666677064,240.666666669725
749,24.9333333,1220.33333354128,240.83333333945
750,24.9666667,1226,241
751,25,1231.99999711009,241.249999879587
752,25.0333334,1238,241.5
753,25.0666666,1248,240.5
754,25.1,1252.24999795298,240.999999759174
755,25.1333333,1256.5,241.5
756,25.1666667,1264,242
757,25.2,NaN,NaN
758,25.2333333,NaN,NaN
759,25.2666666,NaN,NaN
760,25.3,NaN,NaN
761,25.3333333,NaN,NaN
762,25.3666667,NaN,NaN
763,25.4,NaN,NaN
764,25.4333334,NaN,NaN
765,25.4666666,NaN,NaN
766,25.5,NaN,NaN
767,25.5333333,NaN,NaN
768,25.5666667,NaN,NaN
769,25.6,NaN,NaN
770,25.6333333,NaN,NaN
771,25.6666666,NaN,NaN
772,25.7,NaN,NaN
773,25.7333333,NaN,NaN
774,25.7666667,NaN,NaN
775,25.8,NaN,NaN
776,25.8333334,NaN,NaN
777,25.8666666,NaN,NaN
778,25.9,NaN,NaN
779,25.9333333,NaN,NaN
780,25.9666667,NaN,NaN
781,26,NaN,NaN
782,26.0333333,NaN,NaN
783,26.0666666,NaN,NaN
784,26.1,NaN,NaN
785,26.1333333,NaN,NaN
786,26.1666667,NaN,NaN
787,26.2,NaN,NaN
788,26.2333334,NaN,NaN
789,26.2666666,NaN,NaN
790,26.3,NaN,NaN
791,26.3333333,NaN,NaN
792,26.3666667,NaN,NaN
793,26.4,NaN,NaN
794,26.4333333,NaN,NaN
795,26.4666666,NaN,NaN
796,26.5,NaN,NaN
797,26.5333333,NaN,NaN
798,26.5666667,NaN,NaN
799,26.6,NaN,NaN
800,26.6333333,NaN,NaN
801,26.6666667,NaN,NaN
802,26.7,NaN,NaN
803,26.7333333,NaN,NaN
804,26.7666667,NaN,NaN
805,26.8,NaN,NaN
806,26.8333334,NaN,NaN
807,26.8666666,NaN,NaN
808,26.9,NaN,NaN
809,26.9333333,NaN,NaN
810,26.9666667,NaN,NaN
811,27,NaN,NaN
812,27.0333333,NaN,NaN
813,27.0666666,NaN,NaN
814,27.1,NaN,NaN
815,27.1333333,NaN,NaN
816,27.1666667,NaN,NaN
817,27.2,NaN,NaN
818,27.2333333,NaN,NaN
819,27.2666667,NaN,NaN
820,27.3,NaN,NaN
821,27.3333333,NaN,NaN
822,27.3666666,NaN,NaN
823,27.4,NaN,NaN
824,27.4333334,NaN,NaN
825,27.4666666,NaN,NaN
826,27.5,NaN,NaN
827,27.5333333,NaN,NaN
828,27.5666667,NaN,NaN
829,27.6,NaN,NaN
830,27.6333333,NaN,NaN
831,27.6666666,NaN,NaN
832,27.7,NaN,NaN
833,27.7333333,NaN,NaN
834,27.7666667,NaN,NaN
835,27.8,NaN,NaN
836,27.8333334,NaN,NaN
837,27.8666666,NaN,NaN
838,27.9,NaN,NaN
839,27.9333333,NaN,NaN
840,27.9666667,NaN,NaN
841,28,NaN,NaN
842,28.0333333,NaN,NaN
843,28.0666666,NaN,NaN
844,28.1,NaN,NaN
845,28.1333333,NaN,NaN
846,28.1666667,NaN,NaN
847,28.2,NaN,NaN
848,28.2333334,NaN,NaN
849,28.2666666,NaN,NaN
850,28.3,NaN,NaN
851,28.3333333,NaN,NaN
852,28.3666667,NaN,NaN
853,28.4,NaN,NaN
854,28.4333333,NaN,NaN
855,28.4666667,NaN,NaN
856,28.5,NaN,NaN
857,28.5333333,NaN,NaN
858,28.5666666,NaN,NaN
859,28.6,NaN,NaN
860,28.6333333,NaN,NaN
861,28.6666667,NaN,NaN
862,28.7,NaN,NaN
863,28.7333334,NaN,NaN
864,28.7666666,NaN,NaN
865,28.8,NaN,NaN
866,28.8333333,NaN,NaN
867,28.8666667,NaN,NaN
868,28.9,NaN,NaN
869,28.9333334,NaN,NaN
870,28.9666666,NaN,NaN
871,29,NaN,NaN
872,29.0333333,NaN,NaN
873,29.0666667,NaN,NaN
874,29.1,NaN,NaN
875,29.1333333,NaN,NaN
876,29.1666666,NaN,NaN
877,29.2,NaN,NaN
878,29.2333333,NaN,NaN
879,29.2666667,NaN,NaN
880,29.3,NaN,NaN
881,29.3333334,NaN,NaN
882,29.3666666,NaN,NaN
883,29.4,NaN,NaN
884,29.4333333,NaN,NaN
885,29.4666667,NaN,NaN
886,29.5,NaN,NaN
887,29.5333333,NaN,NaN
888,29.5666666,NaN,NaN
889,29.6,NaN,NaN
890,29.6333333,NaN,NaN
891,29.6666667,NaN,NaN
892,29.7,NaN,NaN
893,29.7333334,NaN,NaN
894,29.7666666,NaN,NaN
895,29.8,NaN,NaN
896,29.8333333,NaN,NaN
897,29.8666667,NaN,NaN
898,29.9,NaN,NaN
899,29.9333333,NaN,NaN
900,29.9666666,NaN,NaN
901,30,NaN,NaN
902,30.0333334,NaN,NaN
903,30.0666667,NaN,NaN
904,30.1,NaN,NaN
905,30.1333333,NaN,NaN
906,30.1666666,NaN,NaN
907,30.2,NaN,NaN
908,30.2333333,NaN,NaN
909,30.2666667,NaN,NaN
910,30.3,NaN,NaN
911,30.3333334,NaN,NaN
912,30.3666666,NaN,NaN
913,30.4,NaN,NaN
914,30.4333333,NaN,NaN
915,30.4666667,NaN,NaN
916,30.5,NaN,NaN
917,30.5333333,NaN,NaN
918,30.5666666,NaN,NaN
919,30.6,NaN,NaN
920,30.6333333,NaN,NaN
921,30.6666667,NaN,NaN
922,30.7,NaN,NaN
923,30.7333334,NaN,NaN
924,30.7666666,NaN,NaN
925,30.8,NaN,NaN
926,30.8333333,NaN,NaN
927,30.8666667,NaN,NaN
928,30.9,NaN,NaN
929,30.9333333,NaN,NaN
930,30.9666666,NaN,NaN
931,31,NaN,NaN
932,31.0333333,NaN,NaN
933,31.0666667,NaN,NaN
934,31.1,NaN,NaN
935,31.1333333,NaN,NaN
936,31.1666667,NaN,NaN
937,31.2,NaN,NaN
938,31.2333334,NaN,NaN
939,31.2666666,NaN,NaN
940,31.3,NaN,NaN
941,31.3333333,NaN,NaN
942,31.3666667,NaN,NaN
943,31.4,NaN,NaN
944,31.4333333,NaN,NaN
945,31.4666666,NaN,NaN
946,31.5,NaN,NaN
947,31.5333333,NaN,NaN
948,31.5666667,NaN,NaN
949,31.6,NaN,NaN
950,31.6333333,NaN,NaN
951,31.6666667,NaN,NaN
952,31.7,NaN,NaN
953,31.7333333,NaN,NaN
954,31.7666667,NaN,NaN
955,31.8,NaN,NaN
956,31.8333334,NaN,NaN
957,31.8666666,NaN,NaN
958,31.9,NaN,NaN
959,31.9333333,NaN,NaN
960,31.9666667,NaN,NaN
961,32,NaN,NaN
962,32.0333333,NaN,NaN
963,32.0666666,NaN,NaN
964,32.1,NaN,NaN
965,32.1333333,NaN,NaN
966,32.1666667,NaN,NaN
967,32.2,NaN,NaN
968,32.2333334,NaN,NaN
969,32.2666666,NaN,NaN
970,32.3,NaN,NaN
971,32.3333333,NaN,NaN
972,32.3666667,NaN,NaN
973,32.4,NaN,NaN
974,32.4333333,NaN,NaN
975,32.4666666,NaN,NaN
976,32.5,NaN,NaN
977,32.5333333,NaN,NaN
978,32.5666667,NaN,NaN
979,32.6,NaN,NaN
980,32.6333334,NaN,NaN
981,32.6666666,NaN,NaN
982,32.7,NaN,NaN
983,32.7333333,NaN,NaN
984,32.7666667,NaN,NaN
985,32.8,NaN,NaN
986,32.8333333,NaN,NaN
987,32.8666666,NaN,NaN
988,32.9,NaN,NaN
989,32.9333333,NaN,NaN
990,32.9666667,NaN,NaN
991,33,NaN,NaN
992,33.0333333,NaN,NaN
993,33.0666667,NaN,NaN
994,33.1,NaN,NaN
995,33.1333334,NaN,NaN
996,33.1666666,NaN,NaN
997,33.2,NaN,NaN
998,33.2333333,NaN,NaN
999,33.2666666,NaN,NaN
1000,33.3,NaN,NaN
1001,33.3333333,NaN,NaN
1002,33.3666667,NaN,NaN
1003,33.4,NaN,NaN
1004,33.4333333,NaN,NaN
1005,33.4666666,NaN,NaN
1006,33.5,NaN,NaN
1007,33.5333333,NaN,NaN
1008,33.5666667,NaN,NaN
1009,33.6,NaN,NaN
1010,33.6333334,NaN,NaN
1011,33.6666666,NaN,NaN
1012,33.7,NaN,NaN
1013,33.7333333,NaN,NaN
1014,33.7666667,NaN,NaN
1015,33.8,NaN,NaN
1016,33.8333333,NaN,NaN
1017,33.8666666,NaN,NaN
1018,33.9,NaN,NaN
1019,33.9333333,NaN,NaN
1020,33.9666667,NaN,NaN
1021,34,NaN,NaN
1022,34.0333333,NaN,NaN
1023,34.0666667,NaN,NaN
1024,34.1,NaN,NaN
1025,34.1333334,NaN,NaN
1026,34.1666666,NaN,NaN
1027,34.2,NaN,NaN
1028,34.2333333,NaN,NaN
1029,34.2666667,NaN,NaN
1030,34.3,NaN,NaN
1031,34.3333333,NaN,NaN
1032,34.3666666,NaN,NaN
1033,34.4,NaN,NaN
1034,34.4333333,NaN,NaN
1035,34.4666667,NaN,NaN
1036,34.5,NaN,NaN
1037,34.5333334,NaN,NaN
1038,34.5666666,NaN,NaN
1039,34.6,NaN,NaN
1040,34.6333333,NaN,NaN
1041,34.6666667,NaN,NaN
1042,34.7,NaN,NaN
1043,34.7333333,NaN,NaN
1044,34.7666666,NaN,NaN
1045,34.8,NaN,NaN
1046,34.8333333,NaN,NaN
1047,34.8666667,NaN,NaN
1048,34.9,NaN,NaN
1049,34.9333334,NaN,NaN
1050,34.9666666,NaN,NaN
1051,35,NaN,NaN
1052,35.0333333,NaN,NaN
1053,35.0666667,NaN,NaN
1054,35.1,NaN,NaN
1055,35.1333333,NaN,NaN
1056,35.1666667,NaN,NaN
1057,35.2,NaN,NaN
1058,35.2333333,NaN,NaN
1059,35.2666666,NaN,NaN
1060,35.3,NaN,NaN
1061,35.3333333,NaN,NaN
1062,35.3666667,NaN,NaN
1063,35.4,NaN,NaN
1064,35.4333334,NaN,NaN
1065,35.4666666,NaN,NaN
1066,35.5,NaN,NaN
1067,35.5333333,NaN,NaN
1068,35.5666667,NaN,NaN
1069,35.6,NaN,NaN
1070,35.6333333,NaN,NaN
1071,35.6666666,NaN,NaN
1072,35.7,NaN,NaN
1073,35.7333333,NaN,NaN
1074,35.7666667,NaN,NaN
1075,35.8,NaN,NaN
1076,35.8333334,NaN,NaN
1077,35.8666666,NaN,NaN
1078,35.9,NaN,NaN
1079,35.9333333,NaN,NaN
1080,35.9666667,NaN,NaN
1081,36,NaN,NaN
1082,36.0333333,NaN,NaN
1083,36.0666666,NaN,NaN
1084,36.1,NaN,NaN
1085,36.1333333,NaN,NaN
1086,36.1666667,NaN,NaN
1087,36.2,NaN,NaN
1088,36.2333334,NaN,NaN
1089,36.2666666,NaN,NaN
1090,36.3,NaN,NaN
1091,36.3333333,NaN,NaN
1092,36.3666667,1260.5,494
1093,36.4,1258,493
1094,36.4333333,1254.99999703947,493.500000493422
1095,36.4666666,1252,494
1096,36.5,1250.00000162631,493.800000162631
1097,36.5333333,1248.00000325263,493.600000325263
1098,36.5666667,1246.00000487894,493.400000487894
1099,36.6,1244.00000650526,493.200000650526
1100,36.6333334,1242,493
1101,36.6666666,1239.49999753289,493
1102,36.7,1237,493
1103,36.7333333,1234.33333336842,492.833333335526
1104,36.7666667,1231.66666673684,492.666666671053
1105,36.8,1229,492.5
1106,36.8333333,1226.16666670395,492.833333328947
1107,36.8666666,1223.33333340789,493.166666657895
1108,36.9,1220.5,493.5
1109,36.9333333,1216.25000218092,493.250000128289
1110,36.9666667,1212,493
1111,37,1209.49999753289,493
1112,37.0333334,1206.99999506578,493
1113,37.0666666,1204.5,493
1114,37.1,1201.25000166776,493
1115,37.1333333,1198.00000333552,493
1116,37.1666667,1194.75000500329,493
1117,37.2,1191.5,493
1118,37.2333333,1188.12499920066,492.874999970395
1119,37.2666666,1184.74999840132,492.749999940789
1120,37.3,1181.37499760197,492.624999911184
1121,37.3333333,1178,492.5
1122,37.3666667,1174.66667004386,492.5
1123,37.4,1171.33334008771,492.5
1124,37.4333334,1168,492.5
1125,37.4666666,1165.33333070175,492.666666831141
1126,37.5,1162.6666614035,492.833333662281
1127,37.5333333,1160,493
1128,37.5666667,1156.87499925987,492.874999970395
1129,37.6,1153.74999851974,492.749999940789
1130,37.6333333,1150.62499777961,492.624999911184
1131,37.6666666,1147.5,492.5
1132,37.7,1143.83333704824,492.5
1133,37.7333333,1140.16667409648,492.5
1134,37.7666667,1136.5,492.5
1135,37.8,1133.12499920066,492.124999911184
1136,37.8333334,1129.74999840132,491.749999822368
1137,37.8666666,1126.37499760197,491.374999733553
1138,37.9,1123,491
1139,37.9333333,1118.87499902303,491.125000029605
1140,37.9666667,1114.74999804605,491.250000059211
1141,38,1110.62499706908,491.375000088816
1142,38.0333333,1106.5,491.5
1143,38.0666666,1102.75000192434,491.250000128289
1144,38.1,1099.00000384868,491.000000256579
1145,38.1333333,1095.25000577302,490.750000384868
1146,38.1666667,1091.5,490.5
1147,38.2,1087.74999911184,490.750000059211
1148,38.2333334,1083.99999822368,491.000000118421
1149,38.2666666,1080.24999733553,491.250000177632
1150,38.3,1076.5,491.5
1151,38.3333333,1072.49999905263,491.5
1152,38.3666667,1068.49999810526,491.5
1153,38.4,1064.49999715789,491.5
1154,38.4333333,1060.5,491.5
1155,38.4666666,1056.50000205263,491.5
1156,38.5,1052.5,491.5
1157,38.5333333,1049.25000166776,491.250000128289
1158,38.5666667,1046.00000333552,491.000000256579
1159,38.6,1042.75000500329,490.750000384868
1160,38.6333334,1039.5,490.5
1161,38.6666666,1036.37499925987,490.5
1162,38.7,1033.24999851974,490.5
1163,38.7333333,1030.1249977796,490.5
1164,38.7666667,1027,490.5
1165,38.8,1024.59999907158,490.600000038684
1166,38.8333333,1022.19999814316,490.700000077368
1167,38.8666666,1019.79999721474,490.800000116053
1168,38.9,1017.39999628631,490.900000154737
1169,38.9333333,1015,491
1170,38.9666667,1013.100000405,491
1171,39,1011.20000081,491
1172,39.0333334,1009.300001215,491
1173,39.0666666,1007.40000162,491
1174,39.1,1005.5,491
1175,39.1333333,1004.16666668421,491
1176,39.1666667,1002.83333336842,491
1177,39.2,1001.50000005263,491
1178,39.2333333,1000.16666673684,491
1179,39.2666666,998.833333421053,491
1180,39.3,997.5,491
1181,39.3333333,996.699999690526,491.100000038684
1182,39.3666667,995.899999381052,491.200000077368
1183,39.4,995.099999071579,491.300000116053
1184,39.4333334,994.299998762105,491.400000154737
1185,39.4666666,993.5,491.5
1186,39.5,992.571428848953,491.5
1187,39.5333333,991.642857697905,491.5
1188,39.5666667,990.714286546858,491.5
1189,39.6,989.785715395811,491.5
1190,39.6333333,988.857144244763,491.5
1191,39.6666666,987.928573093716,491.5
1192,39.7,987,491.5
1193,39.7333333,986.799999922632,491.5
1194,39.7666667,986.599999845263,491.5
1195,39.8,986.399999767895,491.5
1196,39.8333334,986.199999690526,491.5
1197,39.8666666,986,491.5
1198,39.9,985.071428848953,491.5
1199,39.9333333,984.142857697905,491.5
1200,39.9666667,983.214286546858,491.5
1201,40,982.28571539581,491.5
1202,40.0333333,981.357144244763,491.5
1203,40.0666666,980.428573093716,491.5
1204,40.1,979.5,491.5
1205,40.1333333,978.833333342105,491.5
1206,40.1666667,978.16666668421,491.5
1207,40.2,977.500000026316,491.5
1208,40.2333333,976.833333368421,491.5
1209,40.2666667,976.166666710526,491.5
1210,40.3,975.5,491.5
1211,40.3333333,974.899999767895,491.5
1212,40.3666667,974.299999535789,491.5
1213,40.4,973.699999303684,491.5
1214,40.4333334,973.099999071579,491.5
1215,40.4666666,972.5,491.5
1216,40.5,971.375000577302,491.5
1217,40.5333333,970.250001154605,491.5
1218,40.5666667,969.125001731907,491.5
1219,40.6,968,491.5
1220,40.6333333,966.750000016447,491.5
1221,40.6666666,965.500000032895,491.5
1222,40.7,964.250000049342,491.5
1223,40.7333333,963.000000065789,491.5
1224,40.7666667,961.750000082237,491.5
1225,40.8,960.5,491.5
1226,40.8333334,958.624999555921,491.5
1227,40.8666666,956.749999111842,491.5
1228,40.9,954.874998667763,491.5
1229,40.9333333,952.999998223684,491.5
1230,40.9666667,951.124997779605,491.5
1231,41,949.249997335525,491.5
1232,41.0333333,947.374996891446,491.5
1233,41.0666666,945.5,491.5
1234,41.1,943.500001626315,491.5
1235,41.1333333,941.500003252629,491.5
1236,41.1666667,939.500004878944,491.5
1237,41.2,937.500006505258,491.5
1238,41.2333334,935.5,491.5
1239,41.2666666,933.199999110263,491.5
1240,41.3,930.899998220526,491.5
1241,41.3333333,928.599997330788,491.5
1242,41.3666667,926.299996441051,491.5
1243,41.4,924,491.5
1244,41.4333333,921.300000575526,491.400000021316
1245,41.4666666,918.600001151052,491.300000042632
1246,41.5,915.900001726579,491.200000063947
1247,41.5333333,913.200002302105,491.100000085263
1248,41.5666667,910.5,491
1249,41.6,907.799998955526,490.799999922632
1250,41.6333333,905.099997911052,490.599999845263
1251,41.6666666,902.399996866578,490.399999767895
1252,41.7,899.699995822104,490.199999690526
1253,41.7333333,897,490
1254,41.7666667,893.600000724737,490
1255,41.8,890.200001449473,490
1256,41.8333334,886.80000217421,490
1257,41.8666666,883.400002898947,490
1258,41.9,880,490
1259,41.9333333,877.499999407895,489.749999940789
1260,41.9666667,874.999998815789,489.499999881579
1261,42,872.499998223684,489.249999822368
1262,42.0333333,870,489
1263,42.0666666,864.500002822367,489
1264,42.1,859,489
1265,42.1333333,855.399998607368,489.100000038684
1266,42.1666667,851.799997214736,489.200000077368
1267,42.2,848.199995822104,489.300000116053
1268,42.2333334,844.599994429472,489.400000154737
1269,42.2666666,841,489.5
1270,42.3,837.400000767368,489.300000042632
1271,42.3333333,833.800001534736,489.100000085263
1272,42.3666667,830.200002302104,488.900000127895
1273,42.4,826.600003069472,488.700000170526
1274,42.4333333,823,488.5
1275,42.4666666,818.666666723684,488.333333335526
1276,42.5,814.333333447369,488.166666671053
1277,42.5333333,810,488
1278,42.5666667,805.49999893421,487.874999970395
1279,42.6,800.999997868421,487.749999940789
1280,42.6333334,796.499996802631,487.624999911184
1281,42.6666666,792,487.5
1282,42.7,787.125002501643,487.250000128289
1283,42.7333333,782.250005003287,487.000000256579
1284,42.7666667,777.37500750493,486.750000384868
1285,42.8,772.5,486.5
1286,42.8333333,767.166666736842,485.833333342105
1287,42.8666666,761.833333473684,485.166666684211
1288,42.9,756.5,484.5
1289,42.9333333,752.375002116775,484.375000064145
1290,42.9666667,748.25000423355,484.250000128289
1291,43,744.125006350325,484.125000192434
1292,43.0333334,740,484
1293,43.0666666,736.399998607368,484.100000038684
1294,43.1,732.799997214736,484.200000077368
1295,43.1333333,729.199995822104,484.300000116053
1296,43.1666667,725.599994429471,484.400000154737
1297,43.2,722,484.5
1298,43.2333333,719.124999319079,484.249999940789
1299,43.2666666,716.249998638158,483.999999881579
1300,43.3,713.374997957237,483.749999822368
1301,43.3333333,710.5,483.5
1302,43.3666667,709.000000319737,483.5
1303,43.4,707.500000639474,483.5
1304,43.4333333,706.00000095921,483.5
1305,43.4666667,704.500001278947,483.5
1306,43.5,703,483.5
1307,43.5333333,698.999996052627,483.249999753289
1308,43.5666666,695,483
1309,43.6,690.500002309209,482.750000128289
1310,43.6333333,686,482.5
1311,43.6666667,683.666669030699,482.333333502193
1312,43.7,681.333338061399,482.166667004386
1313,43.7333334,679,482
1314,43.7666666,676.166666703947,482
1315,43.8,673.333333407895,482
1316,43.8333333,670.500000111842,482
1317,43.8666667,667.666666815789,482
1318,43.9,664.833333519737,482
1319,43.9333334,662,482
1320,43.9666666,659,482.5
1321,44,NaN,NaN
1322,44.0333333,NaN,NaN
1323,44.0666667,NaN,NaN
1324,44.1,NaN,NaN
1325,44.1333333,NaN,NaN
1326,44.1666666,NaN,NaN
1327,44.2,NaN,NaN
1328,44.2333333,NaN,NaN
1329,44.2666667,NaN,NaN
1330,44.3,NaN,NaN
1331,44.3333334,NaN,NaN
1332,44.3666666,NaN,NaN
1333,44.4,NaN,NaN
1334,44.4333333,NaN,NaN
1335,44.4666667,NaN,NaN
1336,44.5,NaN,NaN
1337,44.5333333,NaN,NaN
1338,44.5666666,NaN,NaN
1339,44.6,NaN,NaN
1340,44.6333333,NaN,NaN
1341,44.6666667,NaN,NaN
1342,44.7,NaN,NaN
1343,44.7333334,NaN,NaN
1344,44.7666666,NaN,NaN
1345,44.8,NaN,NaN
1346,44.8333333,NaN,NaN
1347,44.8666667,NaN,NaN
1348,44.9,NaN,NaN
1349,44.9333333,NaN,NaN
1350,44.9666666,NaN,NaN
1351,45,NaN,NaN
1352,45.0333333,NaN,NaN
1353,45.0666667,NaN,NaN
1354,45.1,NaN,NaN
1355,45.1333334,NaN,NaN
1356,45.1666666,NaN,NaN
1357,45.2,NaN,NaN
1358,45.2333333,NaN,NaN
1359,45.2666667,NaN,NaN
1360,45.3,NaN,NaN
1361,45.3333333,NaN,NaN
1362,45.3666666,NaN,NaN
1363,45.4,NaN,NaN
1364,45.4333334,NaN,NaN
1365,45.4666667,NaN,NaN
1366,45.5,NaN,NaN
1367,45.5333333,NaN,NaN
1368,45.5666666,NaN,NaN
1369,45.6,NaN,NaN
1370,45.6333333,NaN,NaN
1371,45.6666667,NaN,NaN
1372,45.7,NaN,NaN
1373,45.7333334,NaN,NaN
1374,45.7666666,NaN,NaN
1375,45.8,NaN,NaN
1376,45.8333333,NaN,NaN
1377,45.8666667,NaN,NaN
1378,45.9,NaN,NaN
1379,45.9333333,NaN,NaN
1380,45.9666666,NaN,NaN
1381,46,NaN,NaN
1382,46.0333333,NaN,NaN
1383,46.0666667,NaN,NaN
1384,46.1,NaN,NaN
1385,46.1333334,NaN,NaN
1386,46.1666666,NaN,NaN
1387,46.2,NaN,NaN
1388,46.2333333,NaN,NaN
1389,46.2666667,NaN,NaN
1390,46.3,NaN,NaN
1391,46.3333333,NaN,NaN
1392,46.3666666,NaN,NaN
1393,46.4,NaN,NaN
1394,46.4333333,NaN,NaN
1395,46.4666667,NaN,NaN
1396,46.5,NaN,NaN
1397,46.5333334,NaN,NaN
1398,46.5666666,NaN,NaN
1399,46.6,NaN,NaN
1400,46.6333333,NaN,NaN
1401,46.6666667,NaN,NaN
1402,46.7,NaN,NaN
1403,46.7333333,NaN,NaN
1404,46.7666666,NaN,NaN
1405,46.8,NaN,NaN
1406,46.8333333,NaN,NaN
1407,46.8666667,NaN,NaN
1408,46.9,NaN,NaN
1409,46.9333334,NaN,NaN
1410,46.9666666,NaN,NaN
1411,47,NaN,NaN
1412,47.0333333,NaN,NaN
1413,47.0666667,NaN,NaN
1414,47.1,NaN,NaN
1415,47.1333333,NaN,NaN
1416,47.1666666,NaN,NaN
1417,47.2,NaN,NaN
1418,47.2333333,NaN,NaN
1419,47.2666667,NaN,NaN
1420,47.3,NaN,NaN
1421,47.3333334,NaN,NaN
1422,47.3666666,NaN,NaN
1423,47.4,NaN,NaN
1424,47.4333333,NaN,NaN
1425,47.4666667,NaN,NaN
1426,47.5,NaN,NaN
1427,47.5333333,NaN,NaN
1428,47.5666666,NaN,NaN
1429,47.6,NaN,NaN
1430,47.6333334,NaN,NaN
1431,47.6666667,NaN,NaN
1432,47.7,NaN,NaN
1433,47.7333333,NaN,NaN
1434,47.7666666,NaN,NaN
1435,47.8,NaN,NaN
1436,47.8333333,NaN,NaN
1437,47.8666667,NaN,NaN
1438,47.9,NaN,NaN
1439,47.9333334,NaN,NaN
1440,47.9666666,NaN,NaN
1441,48,NaN,NaN
1442,48.0333333,NaN,NaN
1443,48.0666667,NaN,NaN
1444,48.1,NaN,NaN
1445,48.1333333,NaN,NaN
1446,48.1666666,NaN,NaN
1447,48.2,NaN,NaN
1448,48.2333333,NaN,NaN
1449,48.2666667,NaN,NaN
1450,48.3,NaN,NaN
1451,48.3333334,NaN,NaN
1452,48.3666666,NaN,NaN
1453,48.4,NaN,NaN
1454,48.4333333,NaN,NaN
1455,48.4666667,NaN,NaN
1456,48.5,NaN,NaN
1457,48.5333333,NaN,NaN
1458,48.5666666,NaN,NaN
1459,48.6,NaN,NaN
1460,48.6333333,NaN,NaN
1461,48.6666667,NaN,NaN
1462,48.7,NaN,NaN
1463,48.7333333,NaN,NaN
1464,48.7666667,NaN,NaN
1465,48.8,NaN,NaN
1466,48.8333333,NaN,NaN
1467,48.8666667,NaN,NaN
1468,48.9,NaN,NaN
1469,48.9333333,NaN,NaN
1470,48.9666667,NaN,NaN
1471,49,NaN,NaN
1472,49.0333333,NaN,NaN
1473,49.0666666,NaN,NaN
1474,49.1,NaN,NaN
1475,49.1333333,NaN,NaN
1476,49.1666667,NaN,NaN
1477,49.2,NaN,NaN
1478,49.2333334,NaN,NaN
1479,49.2666666,NaN,NaN
1480,49.3,NaN,NaN
1481,49.3333333,NaN,NaN
1482,49.3666667,NaN,NaN
1483,49.4,NaN,NaN
1484,49.4333333,NaN,NaN
1485,49.4666666,NaN,NaN
1486,49.5,NaN,NaN
1487,49.5333333,NaN,NaN
1488,49.5666667,NaN,NaN
1489,49.6,NaN,NaN
1490,49.6333334,NaN,NaN
1491,49.6666666,NaN,NaN
1492,49.7,NaN,NaN
1493,49.7333333,NaN,NaN
1494,49.7666667,NaN,NaN
1495,49.8,NaN,NaN
1496,49.8333333,NaN,NaN
1497,49.8666666,NaN,NaN
1498,49.9,NaN,NaN
1499,49.9333333,NaN,NaN
1500,49.9666667,NaN,NaN
1501,50,NaN,NaN
1502,50.0333333,NaN,NaN
1503,50.0666667,NaN,NaN
1504,50.1,NaN,NaN
1505,50.1333333,NaN,NaN
1506,50.1666667,NaN,NaN
1507,50.2,NaN,NaN
1508,50.2333334,NaN,NaN
1509,50.2666666,NaN,NaN
1510,50.3,NaN,NaN
1511,50.3333333,NaN,NaN
1512,50.3666667,NaN,NaN
1513,50.4,NaN,NaN
1514,50.4333333,NaN,NaN
1515,50.4666666,NaN,NaN
1516,50.5,NaN,NaN
1517,50.5333333,NaN,NaN
1518,50.5666667,NaN,NaN
1519,50.6,NaN,NaN
1520,50.6333334,NaN,NaN
1521,50.6666666,NaN,NaN
1522,50.7,NaN,NaN
1523,50.7333333,NaN,NaN
1524,50.7666667,NaN,NaN
1525,50.8,NaN,NaN
1526,50.8333333,NaN,NaN
1527,50.8666666,NaN,NaN
1528,50.9,NaN,NaN
1529,50.9333333,NaN,NaN
1530,50.9666667,NaN,NaN
1531,51,NaN,NaN
1532,51.0333334,NaN,NaN
1533,51.0666666,NaN,NaN
1534,51.1,NaN,NaN
1535,51.1333333,NaN,NaN
1536,51.1666667,NaN,NaN
1537,51.2,NaN,NaN
1538,51.2333333,NaN,NaN
1539,51.2666666,NaN,NaN
1540,51.3,NaN,NaN
1541,51.3333333,NaN,NaN
1542,51.3666667,NaN,NaN
1543,51.4,NaN,NaN
1544,51.4333334,NaN,NaN
1545,51.4666666,NaN,NaN
1546,51.5,NaN,NaN
1547,51.5333333,NaN,NaN
1548,51.5666667,NaN,NaN
1549,51.6,NaN,NaN
1550,51.6333333,NaN,NaN
1551,51.6666666,NaN,NaN
1552,51.7,NaN,NaN
1553,51.7333333,NaN,NaN
1554,51.7666667,NaN,NaN
1555,51.8,NaN,NaN
1556,51.8333334,NaN,NaN
1557,51.8666666,NaN,NaN
1558,51.9,NaN,NaN
1559,51.9333333,NaN,NaN
1560,51.9666667,NaN,NaN
1561,52,NaN,NaN
1562,52.0333333,NaN,NaN
1563,52.0666666,NaN,NaN
1564,52.1,NaN,NaN
1565,52.1333334,NaN,NaN
1566,52.1666667,NaN,NaN
1567,52.2,NaN,NaN
1568,52.2333333,NaN,NaN
1569,52.2666666,NaN,NaN
1570,52.3,NaN,NaN
1571,52.3333333,NaN,NaN
1572,52.3666667,NaN,NaN
1573,52.4,NaN,NaN
1574,52.4333334,NaN,NaN
1575,52.4666666,NaN,NaN
1576,52.5,NaN,NaN
1577,52.5333333,NaN,NaN
1578,52.5666667,NaN,NaN
1579,52.6,NaN,NaN
1580,52.6333333,NaN,NaN
1581,52.6666666,NaN,NaN
1582,52.7,NaN,NaN
1583,52.7333333,NaN,NaN
1584,52.7666667,NaN,NaN
1585,52.8,NaN,NaN
1586,52.8333334,NaN,NaN
1587,52.8666666,NaN,NaN
1588,52.9,NaN,NaN
1589,52.9333333,NaN,NaN
1590,52.9666667,NaN,NaN
1591,53,NaN,NaN
1592,53.0333333,NaN,NaN
1593,53.0666666,NaN,NaN
1594,53.1,NaN,NaN
1595,53.1333333,NaN,NaN
1596,53.1666667,NaN,NaN
1597,53.2,NaN,NaN
1598,53.2333333,NaN,NaN
1599,53.2666667,NaN,NaN
1600,53.3,NaN,NaN
1601,53.3333334,NaN,NaN
1602,53.3666666,NaN,NaN
1603,53.4,NaN,NaN
1604,53.4333333,NaN,NaN
1605,53.4666667,NaN,NaN
1606,53.5,NaN,NaN
1607,53.5333333,NaN,NaN
1608,53.5666666,NaN,NaN
1609,53.6,NaN,NaN
1610,53.6333333,NaN,NaN
1611,53.6666667,718,712
1612,53.7,661.500000442333,191.07142858196
1613,53.7333333,664.500000884666,191.142857163921
1614,53.7666667,667.500001326999,191.214285745881
1615,53.8,670.500001769332,191.285714327841
1616,53.8333334,673.500002211665,191.357142909802
1617,53.8666666,676.500002653998,191.428571491762
1618,53.9,734,739
1619,53.9333333,682.357143278412,191.785714327841
1620,53.9666667,685.214286556825,192.071428655682
1621,54,749.5,748.428572818761
1622,54.0333333,690.928573113649,192.642857311365
1623,54.0666666,693.785716392062,192.928571639206
1624,54.1,696.642859670474,193.214285967047
1625,54.1333333,699.5,193.5
1626,54.1666667,702.785713362011,193.571428551348
1627,54.2,706.071426724022,193.642857102696
1628,54.2333334,709.357140086034,193.714285654044
1629,54.2666666,776,773.285710831868
1630,54.3,715.928566810056,193.85714275674
1631,54.3333333,719.214280172067,193.928571308089
1632,54.3666667,722.5,194
1633,54.4,725.857143352134,194.214285745881
1634,54.4333333,794,790.071429687792
1635,54.4666666,732.571430056403,194.642857237643
1636,54.5,735.928573408538,194.857142983524
1637,54.5333334,739.285716760672,195.071428729405
1638,54.5666666,742.642860112806,195.285714475285
1639,54.6,746,195.5
1640,54.6333333,749.600001456514,195.5
1641,54.6666667,753.200002913028,195.5
1642,54.7,823,819.500004248166
1643,54.7333334,760.400005826057,195.5
1644,54.7666666,764,195.5
1645,54.8,767.249998389909,195.87499981422
1646,54.8333333,770.499996779818,196.249999628441
1647,54.8666667,773.749995169727,196.624999442661
1648,54.9,845.5,843.5
1649,54.9333333,780.500000891055,197.125000031823
1650,54.9666666,784.000001782111,197.250000063647
1651,55,787.500002673166,197.37500009547
1652,55.0333333,791,197.5
1653,55.0666667,794.500000016055,197.583333333716
1654,55.1,866,866.500000034403
1655,55.1333334,801.500000048165,197.750000001147
1656,55.1666666,805.00000006422,197.833333334862
1657,55.2,808.500000080275,197.916666668578
1658,55.2333333,812,198
1659,55.2666667,815.199999374679,198.499999902294
1660,55.3,887.5,888.299998671193
1661,55.3333333,821.599998124037,199.499999706881
1662,55.3666666,824.799997498716,199.999999609174
1663,55.4,828,200.5
1664,55.4333333,831.142856259315,200.642857102696
1665,55.4666667,834.28571251863,200.785714205392
1666,55.5,908.5,908.785711394122
1667,55.5333333,840.57142503726,201.071428410785
1668,55.5666667,843.714281296575,201.214285513481
1669,55.6,846.85713755589,201.357142616177
1670,55.6333334,850,201.5
1671,55.6666666,852.857144502903,201.714285837718
1672,55.7,855.714289005806,201.928571675435
1673,55.7333333,858.571433508709,202.142857513153
1674,55.7666667,861.428578011612,202.357143350871
1675,55.8,935.5,936.428579451652
1676,55.8333333,867.142867017418,202.785715026306
1677,55.8666666,870,203
1678,55.9,872.142856540442,202.928571448652
1679,55.9333333,874.285713080884,202.857142897304
1680,55.9666667,876.428569621326,202.785714345956
1681,56,878.571426161768,202.714285794608
1682,56.0333334,880.71428270221,202.64285724326
1683,56.0666666,882.857139242652,202.571428691912
1684,56.1,959,958.5
1685,56.1333333,886.583333340596,202.750000001147
1686,56.1666667,888.166666681193,203.000000002294
1687,56.2,889.750000021789,203.25000000344
1688,56.2333334,891.333333362385,203.500000004587
1689,56.2666666,892.916666702981,203.750000005734
1690,56.3,894.5,204
1691,56.3333333,895.650000120275,204.100000010459
1692,56.3666667,896.800000240551,204.200000020917
1693,56.4,897.950000360826,204.300000031376
1694,56.4333333,899.100000481101,204.400000041835
1695,56.4666667,900.250000601376,204.500000052294
1696,56.5,901.400000721652,204.600000062752
1697,56.5333333,902.550000841927,204.700000073211
1698,56.5666666,903.700000962202,204.80000008367
1699,56.6,904.850001082477,204.900000094128
1700,56.6333333,906,205
1701,56.6666667,981,981.166666672018
1702,56.7,907.888888897554,205.333333334862
1703,56.7333334,908.83333334633,205.500000002294
1704,56.7666666,909.777777795107,205.666666669725
1705,56.8,910.722222243884,205.833333337156
1706,56.8333333,911.666666692661,206.000000004587
1707,56.8666667,912.611111141438,206.166666672018
1708,56.9,913.555555590214,206.33333333945
1709,56.9333333,992,990.5
1710,56.9666666,915.68749985701,206.624999984948
1711,57,916.87499971402,206.749999969897
1712,57.0333333,918.062499571029,206.874999954845
1713,57.0666667,919.249999428039,206.999999939794
1714,57.1,920.437499285049,207.124999924742
1715,57.1333334,921.624999142058,207.24999990969
1716,57.1666666,922.812498999068,207.374999894639
1717,57.2,1000,1000
1718,57.2333333,925.333333339449,207.583333333716
1719,57.2666667,926.666666678899,207.666666667431
1720,57.3,928.000000018348,207.750000001147
1721,57.3333333,929.333333357798,207.833333334862
1722,57.3666666,1006.5,1007.91666670298
1723,57.4,932,208
1724,57.4333333,933.357143057246,208
1725,57.4666667,934.714286114492,208
1726,57.5,936.071429171738,208
1727,57.5333334,937.428572228984,208
1728,57.5666666,938.78571528623,208
1729,57.6,940.142858343475,208
1730,57.6333333,1019,1019
1731,57.6666667,943.083333340596,208.166666667431
1732,57.7,944.666666681193,208.333333334862
1733,57.7333333,946.250000021789,208.500000002294
1734,57.7666666,947.833333362385,208.666666669725
1735,57.8,949.416666702982,208.833333337156
1736,57.8333333,1029.5,1029.5
1737,57.8666667,953.099999589633,209
1738,57.9,955.199999179266,209
1739,57.9333334,957.2999987689,209
1740,57.9666666,959.399998358533,209
1741,58,1039.5,1040
1742,58.0333333,963.833333344037,209.166666667431
1743,58.0666667,966.166666688074,209.333333334862
1744,58.1,968.50000003211,209.500000002294
1745,58.1333333,970.833333376147,209.666666669725
1746,58.1666666,973.166666720184,209.833333337156
1747,58.2,975.500000064221,210.000000004587
1748,58.2333333,1056,1056.33333340826
1749,58.2666667,980.166666752294,210.33333333945
1750,58.3,982.5,210.5
1751,58.3333333,985.166666678899,210.666666667431
1752,58.3666667,987.833333357798,210.833333334862
1753,58.4,990.500000036697,211.000000002294
1754,58.4333333,993.166666715596,211.166666669725
1755,58.4666666,1074.5,1075.16666673165
1756,58.5,998.5,211.5
1757,58.5333333,1001.41666668005,211.5
1758,58.5666667,1004.33333336009,211.5
1759,58.6,1007.25000004014,211.5
1760,58.6333334,1010.16666672018,211.5
1761,58.6666666,1013.08333340023,211.5
1762,58.7,1016,211.5
1763,58.7333333,1098,1097.83333334633
1764,58.7666667,1022.00000002752,211.5
1765,58.8,1025.00000004128,211.5
1766,58.8333333,1028.00000005505,211.5
1767,58.8666666,1031.00000006881,211.5
1768,58.9,1034,211.5
1769,58.9333333,1037.30000133514,211.700000080917
1770,58.9666667,1040.60000267028,211.900000161835
1771,59,1043.90000400541,212.100000242752
1772,59.0333334,1127,1126.40000582606
1773,59.0666666,1050.5,212.5
1774,59.1,1054.09999929651,212.5
1775,59.1333333,1057.69999859303,212.5
1776,59.1666667,1061.29999788954,212.5
1777,59.2,1064.89999718606,212.5
1778,59.2333333,1068.5,212.5
1779,59.2666666,1071.8999993356,212.699999960917
1780,59.3,1153,1153.09999871028
1781,59.3333333,1078.69999800679,213.099999882752
1782,59.3666667,1082.09999734239,213.29999984367
1783,59.4,1085.5,213.5
1784,59.4333333,1089.19999927697,213.599999980459
1785,59.4666667,1170,1169.79999867119
1786,59.5,1096.59999783092,213.799999941376
1787,59.5333333,1100.29999710789,213.899999921835
1788,59.5666667,1104,214
1789,59.6,1107.80000153743,213.899999959541
1790,59.6333334,1111.60000307486,213.799999919083
1791,59.6666666,1192,1191.70000473367
1792,59.7,1119.20000614973,213.599999838165
1793,59.7333333,1123,213.5
1794,59.7666667,1126.7500009547,213.750000063647
1795,59.8,1207.5,1207.75000210034
1796,59.8333333,1134.25000286411,214.25000019094
1797,59.8666666,1138,214.5
1798,59.9,1141.83332951759,214.333333499235
1799,59.9333334,1145.66665903518,214.166666998471
1800,59.9666667,1225.5,1226.5
1801,60,1153.37500098653,214.125000031823
1802,60.0333333,1157.25000197305,214.250000063647
1803,60.0666666,1161.12500295958,214.37500009547
1804,60.1,1165,214.5
1805,60.1333333,1245,1245.00000002064
1806,60.1666667,1173.0000000367,214.5
1807,60.2,1177,214.5
1808,60.2333333,1180.87499808028,214.624999938073
1809,60.2666667,1184.74999616055,214.749999876147
1810,60.3,1264,1265.24999442661
1811,60.3333334,1192.5,215
1812,60.3666666,1196.37500098653,215
1813,60.4,1200.25000197305,215
1814,60.4333333,1204.12500295958,215
1815,60.4666667,1284.5,1284
1816,60.5,1211.87500098653,215.250000063647
1817,60.5333333,1215.75000197305,215.500000127294
1818,60.5666666,1219.62500295958,215.75000019094
1819,60.6,1300.5,1299.5
1820,60.6333333,1227.62499795642,215.62500018578
1821,60.6666667,1231.74999591285,215.250000371559
1822,60.7,1311,1311.49999405505
1823,60.7333334,1240,214.5
1824,60.7666666,1244.00000161835,214.700000080917
1825,60.8,1321,1323.10000307486
1826,60.8333333,1252.00000485505,215.100000242752
1827,60.8666667,1256.0000064734,215.30000032367
1828,60.9,1260,215.5
1829,60.9333334,1337.5,1338
1830,60.9666666,1262.5,217
1831,61,NaN,NaN
1832,61.0333333,NaN,NaN
1833,61.0666667,NaN,NaN
1834,61.1,NaN,NaN
1835,61.1333333,NaN,NaN
1836,61.1666667,NaN,NaN
1837,61.2,NaN,NaN
1838,61.2333333,NaN,NaN
1839,61.2666667,NaN,NaN
1840,61.3,NaN,NaN
1841,61.3333334,NaN,NaN
1842,61.3666666,NaN,NaN
1843,61.4,NaN,NaN
1844,61.4333333,NaN,NaN
1845,61.4666667,NaN,NaN
1846,61.5,NaN,NaN
1847,61.5333333,NaN,NaN
1848,61.5666666,NaN,NaN
1849,61.6,NaN,NaN
1850,61.6333333,NaN,NaN
1851,61.6666667,NaN,NaN
1852,61.7,NaN,NaN
1853,61.7333334,NaN,NaN
1854,61.7666666,NaN,NaN
1855,61.8,NaN,NaN
1856,61.8333333,NaN,NaN
1857,61.8666667,NaN,NaN
1858,61.9,NaN,NaN
1859,61.9333333,NaN,NaN
1860,61.9666666,NaN,NaN
1861,62,NaN,NaN
1862,62.0333333,NaN,NaN
1863,62.0666667,NaN,NaN
1864,62.1,NaN,NaN
1865,62.1333334,NaN,NaN
1866,62.1666666,NaN,NaN
1867,62.2,NaN,NaN
1868,62.2333333,NaN,NaN
1869,62.2666667,NaN,NaN
1870,62.3,NaN,NaN
1871,62.3333333,NaN,NaN
1872,62.3666666,NaN,NaN
1873,62.4,NaN,NaN
1874,62.4333333,NaN,NaN
1875,62.4666667,NaN,NaN
1876,62.5,NaN,NaN
1877,62.5333334,NaN,NaN
1878,62.5666666,NaN,NaN
1879,62.6,NaN,NaN
1880,62.6333333,NaN,NaN
1881,62.6666667,NaN,NaN
1882,62.7,NaN,NaN
1883,62.7333333,NaN,NaN
1884,62.7666666,NaN,NaN
1885,62.8,NaN,NaN
1886,62.8333333,NaN,NaN
1887,62.8666667,NaN,NaN
1888,62.9,NaN,NaN
1889,62.9333334,NaN,NaN
1890,62.9666666,NaN,NaN
1891,63,NaN,NaN
1892,63.0333333,NaN,NaN
1893,63.0666667,NaN,NaN
1894,63.1,NaN,NaN
1895,63.1333333,NaN,NaN
1896,63.1666666,NaN,NaN
1897,63.2,NaN,NaN
1898,63.2333333,NaN,NaN
1899,63.2666667,NaN,NaN
1900,63.3,NaN,NaN
1901,63.3333334,NaN,NaN
1902,63.3666666,NaN,NaN
1903,63.4,NaN,NaN
1904,63.4333333,NaN,NaN
1905,63.4666667,NaN,NaN
1906,63.5,NaN,NaN
1907,63.5333333,NaN,NaN
1908,63.5666666,NaN,NaN
1909,63.6,NaN,NaN
1910,63.6333333,NaN,NaN
1911,63.6666667,NaN,NaN
1912,63.7,NaN,NaN
1913,63.7333334,NaN,NaN
1914,63.7666666,NaN,NaN
1915,63.8,NaN,NaN
1916,63.8333333,NaN,NaN
1917,63.8666667,NaN,NaN
1918,63.9,NaN,NaN
1919,63.9333333,NaN,NaN
1920,63.9666667,NaN,NaN
1921,64,NaN,NaN
1922,64.0333334,NaN,NaN
1923,64.0666666,NaN,NaN
1924,64.1,NaN,NaN
1925,64.1333333,NaN,NaN
1926,64.1666667,NaN,NaN
1927,64.2,NaN,NaN
1928,64.2333334,NaN,NaN
1929,64.2666666,NaN,NaN
1930,64.3,NaN,NaN
1931,64.3333333,NaN,NaN
1932,64.3666667,NaN,NaN
1933,64.4,NaN,NaN
1934,64.4333333,NaN,NaN
1935,64.4666666,NaN,NaN
1936,64.5,NaN,NaN
1937,64.5333333,NaN,NaN
1938,64.5666667,NaN,NaN
1939,64.6,NaN,NaN
1940,64.6333334,NaN,NaN
1941,64.6666666,NaN,NaN
1942,64.7,NaN,NaN
1943,64.7333333,NaN,NaN
1944,64.7666667,NaN,NaN
1945,64.8,NaN,NaN
1946,64.8333333,NaN,NaN
1947,64.8666667,NaN,NaN
1948,64.9,NaN,NaN
1949,64.9333333,NaN,NaN
1950,64.9666666,NaN,NaN
1951,65,NaN,NaN
1952,65.0333333,NaN,NaN
1953,65.0666667,NaN,NaN
1954,65.1,NaN,NaN
1955,65.1333334,NaN,NaN
1956,65.1666666,NaN,NaN
1957,65.2,NaN,NaN
1958,65.2333333,NaN,NaN
1959,65.2666667,NaN,NaN
1960,65.3,NaN,NaN
1961,65.3333333,NaN,NaN
1962,65.3666666,NaN,NaN
1963,65.4,NaN,NaN
1964,65.4333333,NaN,NaN
1965,65.4666667,NaN,NaN
1966,65.5,NaN,NaN
1967,65.5333334,NaN,NaN
1968,65.5666666,NaN,NaN
1969,65.6,NaN,NaN
1970,65.6333333,NaN,NaN
1971,65.6666667,NaN,NaN
1972,65.7,NaN,NaN
1973,65.7333333,NaN,NaN
1974,65.7666666,NaN,NaN
1975,65.8,NaN,NaN
1976,65.8333333,NaN,NaN
1977,65.8666667,NaN,NaN
1978,65.9,NaN,NaN
1979,65.9333334,NaN,NaN
1980,65.9666666,NaN,NaN
1981,66,NaN,NaN
1982,66.0333333,NaN,NaN
1983,66.0666667,NaN,NaN
1984,66.1,NaN,NaN
1985,66.1333333,NaN,NaN
1986,66.1666666,NaN,NaN
1987,66.2,NaN,NaN
1988,66.2333333,NaN,NaN
1989,66.2666667,NaN,NaN
1990,66.3,NaN,NaN
1991,66.3333334,NaN,NaN
1992,66.3666666,NaN,NaN
1993,66.4,NaN,NaN
1994,66.4333333,NaN,NaN
1995,66.4666667,NaN,NaN
1996,66.5,NaN,NaN
1997,66.5333333,NaN,NaN
1998,66.5666666,NaN,NaN
1999,66.6,NaN,NaN
2000,66.6333334,NaN,NaN
2001,66.6666666,NaN,NaN
2002,66.7,NaN,NaN
2003,66.7333333,NaN,NaN
2004,66.7666667,NaN,NaN
2005,66.8,NaN,NaN
2006,66.8333334,NaN,NaN
2007,66.8666666,NaN,NaN
2008,66.9,NaN,NaN
2009,66.9333333,NaN,NaN
2010,66.9666667,NaN,NaN
2011,67,NaN,NaN
2012,67.0333333,NaN,NaN
2013,67.0666666,NaN,NaN
2014,67.1,NaN,NaN
2015,67.1333333,1259.5,437
2016,67.1666667,1257.88054460005,437.077116923807
2017,67.2,1256.2610892001,437.154233847614
2018,67.2333334,1254.64163380014,437.231350771422
2019,67.2666666,1253.02217840019,437.308467695229
2020,67.3,1251.40272300024,437.385584619036
2021,67.3333333,1249.78326760029,437.462701542843
2022,67.3666667,1248.16381220034,437.539818466651
2023,67.4,1246.54435680038,437.616935390458
2024,67.4333333,1244.92490140043,437.694052314265
2025,67.4666666,1243.30544600048,437.771169238072
2026,67.5,1241.68599060053,437.84828616188
2027,67.5333333,1240.06653520058,437.925403085687
2028,67.5666667,1238.5,438
2029,67.6,1236.24432963161,437.958228326511
2030,67.6333334,1233.98865926322,437.916456653023
2031,67.6666666,1231.73298889484,437.874684979534
2032,67.7,1229.47731852645,437.832913306045
2033,67.7333333,1227.22164815806,437.791141632557
2034,67.7666667,1224.96597778967,437.749369959068
2035,67.8,1222.71030742129,437.707598285579
2036,67.8333333,1220.4546370529,437.665826612091
2037,67.8666666,1218.19896668451,437.624054938602
2038,67.9,1215.94329631612,437.582283265114
2039,67.9333333,1213.68762594773,437.540511591625
2040,67.9666667,1211.5,437.5
2041,68,1208.64281724766,437.5
2042,68.0333334,1205.78563449531,437.5
2043,68.0666666,1202.92845174297,437.5
2044,68.1,1200.07126899063,437.5
2045,68.1333333,1197.21408623829,437.5
2046,68.1666667,1194.35690348594,437.5
2047,68.2,1191.4997207336,437.5
2048,68.2333333,1188.64253798126,437.5
2049,68.2666666,1185.78535522891,437.5
2050,68.3,1183,437.5
2051,68.3333333,1179.90889616184,437.667086693955
2052,68.3666667,1176.81779232368,437.834173387909
2053,68.4,1173.72668848552,438.001260081864
2054,68.4333333,1170.63558464735,438.168346775819
2055,68.4666667,1167.54448080919,438.335433469773
2056,68.5,1164.5,438.5
2057,68.5333333,1161.49244036812,438.428391437336
2058,68.5666667,1158.48488073624,438.356782874672
2059,68.6,1155.47732110436,438.285174312008
2060,68.6333333,1152.46976147248,438.213565749345
2061,68.6666667,1149.4622018406,438.141957186681
2062,68.7,1146.45464220871,438.070348624017
2063,68.7333334,1143.5,438
2064,68.7666666,1140.61775380872,438
2065,68.8,1137.73550761744,438
2066,68.8333333,1134.85326142616,438
2067,68.8666667,1132,438
2068,68.9,1128.49117802342,438.100252056474
2069,68.9333333,1124.98235604685,438.200504112947
2070,68.9666666,1121.47353407027,438.300756169421
2071,69,1117.96471209369,438.401008225894
2072,69.0333333,1114.5,438.5
2073,69.0666667,1110.67789235355,438.437342497599
2074,69.1,1106.8557847071,438.374684995198
2075,69.1333333,1103.03367706065,438.312027492798
2076,69.1666667,1099.2115694142,438.249369990397
2077,69.2,1095.38946176775,438.186712487996
2078,69.2333333,1091.5673541213,438.124054985595
2079,69.2666667,1087.74524647485,438.061397483194
2080,69.3,1084,438
2081,69.3333334,1080.86712370513,438.125315051795
2082,69.3666666,1077.73424741026,438.25063010359
2083,69.4,1074.60137111539,438.375945155384
2084,69.4333333,1071.5,438.5
2085,69.4666667,1067.99117942695,438.165826612091
2086,69.5,1064.4823588539,437.831653224181
2087,69.5333333,1061,437.5
2088,69.5666666,1057.24054938602,437.5
2089,69.6,1053.48109877204,437.5
2090,69.6333333,1049.72164815806,437.5
2091,69.6666667,1045.96219754408,437.5
2092,69.7,1042.2027469301,437.5
2093,69.7333333,1038.5,437.5
2094,69.7666667,1034.3228368283,437.834173053736
2095,69.8,1030.14567365659,438.168346107473
2096,69.8333334,1026,438.5
2097,69.8666666,1023.15952336229,438.5
2098,69.9,1020.31904672459,438.5
2099,69.9333333,1017.5,438.5
2100,69.9666667,1014.86838391231,438.625315051795
2101,70,1012.23676782462,438.75063010359
2102,70.0333333,1009.60515173693,438.875945155384
2103,70.0666666,1007,439
2104,70.1,1005.24559059068,439.250629915617
2105,70.1333333,1003.49118118136,439.501259831234
2106,70.1666667,1001.73677177204,439.751889746851
2107,70.2,1000,440
2108,70.2333334,998.395968058842,439.899748003678
2109,70.2666666,996.791936117683,439.799496007355
2110,70.3,995.187904176525,439.699244011033
2111,70.3333333,993.583872235367,439.59899201471
2112,70.3666667,992,439.5
2113,70.4,990.925871099702,439.428391406647
2114,70.4333333,989.851742199403,439.356782813294
2115,70.4666667,988.777613299105,439.28517421994
2116,70.5,987.703484398806,439.213565626587
2117,70.5333334,986.629355498508,439.141957033234
2118,70.5666666,985.55522659821,439.070348439881
2119,70.6,984.5,439
2120,70.6333333,983.998739717632,439.100252056474
2121,70.6666667,983.497479435264,439.200504112947
2122,70.7,982.996219152896,439.300756169421
2123,70.7333333,982.494958870527,439.401008225894
2124,70.7666666,982,439.5
2125,70.8,981.373424975992,439.625315004802
2126,70.8333333,980.746849951984,439.750630009603
2127,70.8666667,980.120274927976,439.875945014405
2128,70.9,979.493699903968,440.001260019206
2129,70.9333334,978.867124879959,440.126575024008
2130,70.9666666,978.240549855951,440.25189002881
2131,71,977.613974831943,440.377205033611
2132,71.0333333,977,440.5
2133,71.0666667,976.832913306045,440.5
2134,71.1,976.665826612091,440.5
2135,71.1333333,976.498739918136,440.5
2136,71.1666666,976.331653224181,440.5
2137,71.2,976.164566530227,440.5
2138,71.2333333,976,440.5
2139,71.2666667,976,440.667086526868
2140,71.3,976,440.834173053736
2141,71.3333334,976,441
2142,71.3666666,976.083543388749,440.749369833753
2143,71.4,976.167086777498,440.498739667506
2144,71.4333333,976.250630166247,440.248109501259
2145,71.4666667,976.334173554996,439.997479335012
2146,71.5,976.417716943745,439.746849168765
2147,71.5333333,976.5,439.5
2148,71.5666666,976.5,439.600251996322
2149,71.6,976.5,439.700503992645
2150,71.6333333,976.5,439.800755988967
2151,71.6666667,976.5,439.90100798529
2152,71.7,976.5,440
2153,71.7333334,976.750630040932,440
2154,71.7666666,977.001260081864,440
2155,71.8,977.251890122796,440
2156,71.8333333,977.502520163728,440
2157,71.8666667,977.75315020466,440
2158,71.9,978,440
2159,71.9333333,978.40100798529,440.200503992645
2160,71.9666666,978.802015970579,440.40100798529
2161,72,979.203023955869,440.601511977934
2162,72.0333333,979.604031941158,440.802015970579
2163,72.0666667,980,441
2164,72.1,981.002520664988,440.832913222502
2165,72.1333333,982.005041329977,440.665826445004
2166,72.1666667,983.007561994965,440.498739667506
2167,72.2,984.010082659953,440.331652890008
2168,72.2333333,985.012603324941,440.16456611251
2169,72.2666666,986,440
2170,72.3,987.503779042569,440.100251936171
2171,72.3333333,989.007558085137,440.200503872342
2172,72.3666667,990.511337127706,440.300755808514
2173,72.4,992.015116170275,440.401007744685
2174,72.4333334,993.5,440.5
2175,72.4666666,995.505040828716,440.625315051795
2176,72.5,997.510081657432,440.75063010359
2177,72.5333333,999.515122486149,440.875945155384
2178,72.5666667,1001.5,441
2179,72.6,1004.10655346831,440.899747943526
2180,72.6333333,1006.71310693663,440.799495887053
2181,72.6666666,1009.31966040494,440.699243830579
2182,72.7,1011.92621387326,440.598991774106
2183,72.7333333,1014.5,440.5
2184,72.7666667,1016.92275706234,440.416456653023
2185,72.8,1019.34551412468,440.332913306045
2186,72.8333333,1021.76827118703,440.249369959068
2187,72.8666667,1024.19102824937,440.165826612091
2188,72.9,1026.61378531171,440.082283265113
2189,72.9333333,1029,440
2190,72.9666667,1031.10529192277,440.100251996322
2191,73,1033.21058384554,440.200503992645
2192,73.0333334,1035.31587576831,440.300755988967
2193,73.0666666,1037.42116769108,440.40100798529
2194,73.1,1039.5,440.5
2195,73.1333333,1040.83669355164,440.5
2196,73.1666667,1042.17338710327,440.5
2197,73.2,1043.51008065491,440.5
2198,73.2333333,1044.84677420655,440.5
2199,73.2666666,1046.18346775819,440.5
2200,73.3,1047.5,440.5
2201,73.3333333,1048.35930312024,440.571608593353
2202,73.3666667,1049.21860624048,440.643217186706
2203,73.4,1050.07790936072,440.71482578006
2204,73.4333334,1050.93721248095,440.786434373413
2205,73.4666666,1051.79651560119,440.858042966766
2206,73.5,1052.65581872143,440.929651560119
2207,73.5333333,1053.5,441
2208,73.5666667,1054.06391752161,441.125315004802
2209,73.6,1054.62783504321,441.250630009603
2210,73.6333333,1055.19175256482,441.375945014405
2211,73.6666666,1055.75567008643,441.501260019206
2212,73.7,1056.31958760804,441.626575024008
2213,73.7333333,1056.88350512964,441.75189002881
2214,73.7666667,1057.44742265125,441.877205033611
2215,73.8,1058,442
2216,73.8333334,1057.37342474103,442.125315051795
2217,73.8666666,1056.74684948205,442.25063010359
2218,73.9,1056.12027422308,442.375945155384
2219,73.9333333,1055.5,442.5
2220,73.9666667,1054.16330644836,442.667086693955
2221,74,1052.82661289673,442.834173387909
2222,74.0333333,1051.5,443
2223,74.0666666,1049.87090554849,443
2224,74.1,1048.24181109698,443
2225,74.1333333,1046.61271664547,443
2226,74.1666667,1045,443
2227,74.2,1042.36838391231,443.375945155384
2228,74.2333334,1039.73676782462,443.751890310769
2229,74.2666666,1037.10515173693,444.127835466153
2230,74.3,1034.5,444.5
2231,74.3333333,1032.1190140159,444.374684948205
2232,74.3666667,1029.7380280318,444.24936989641
2233,74.4,1027.3570420477,444.124054844616
2234,74.4333333,1025,444
2235,74.4666666,1023.1620463665,443.832913306045
2236,74.5,1021.324092733,443.665826612091
2237,74.5333333,1019.5,443.5
2238,74.5666667,1018.5,443
2239,74.6,1017,442.5
2240,74.6333334,1016,441
2241,74.6666666,1014.5,437.5
2242,74.7,1014.5,434
2243,74.7333333,1013.5,431.5
2244,74.7666667,1013.5,427.5
2245,74.8,1013,423.5
2246,74.8333333,1012.5,418
2247,74.8666666,1012.5,414.5
2248,74.9,1011,409.5
2249,74.9333333,1011,406
2250,74.9666667,1009.5,400.5
2251,75,1009.24937008438,397.492441012596
2252,75.0333334,1009,394.5
2253,75.0666666,1008.37342474103,390.239288238978
2254,75.1,1007.74684948205,385.978576477957
2255,75.1333333,1007.12027422308,381.717864716935
2256,75.1666667,1006.5,377.5
2257,75.2,1006.37468494821,373.239288238978
2258,75.2333333,1006.24936989641,368.978576477957
2259,75.2666666,1006.12405484462,364.717864716935
2260,75.3,1006,360.5
2261,75.3333333,1006.25062991562,357.11649613917
2262,75.3666667,1006.50125983123,353.73299227834
2263,75.4,1006.75188974685,350.34948841751
2264,75.4333334,1007,347
2265,75.4666666,1006.69924383058,344.192942418739
2266,75.5,1006.39848766116,341.385884837477
2267,75.5333333,1006.09773149174,338.578827256216
2268,75.5666667,1005.79697532232,335.771769674955
2269,75.6,1005.5,333
2270,75.6333333,1005.64321712533,331.925871560042
2271,75.6666666,1005.78643425066,330.851743120085
2272,75.7,1005.92965137598,329.777614680127
2273,75.7333333,1006.07286850131,328.70348624017
2274,75.7666667,1006.21608562664,327.629357800212
2275,75.8,1006.35930275197,326.555229360254
2276,75.8333334,1006.5,325.5
2277,75.8666666,1006.62531505179,324.998739792821
2278,75.9,1006.75063010359,324.497479585642
2279,75.9333333,1006.87594515538,323.996219378463
2280,75.9666667,1007,323.5
2281,76,1006.83291313896,321.829131389585
2282,76.0333333,1006.66582627792,320.15826277917
2283,76.0666666,1006.5,318.5
2284,76.1,1006.66708652687,315.492442516374
2285,76.1333333,1006.83417305374,312.484885032747
2286,76.1666667,1007,309.5
2287,76.2,1007.25062991562,305.489921350127
2288,76.2333334,1007.5,301.5
2289,76.2666666,1007.5,297.489915335004
2290,76.3,1007.5,293.479830670007
2291,76.3333333,1007.5,289.5
2292,76.3666667,1007.33291330605,284.988659263224
2293,76.4,1007.16582661209,280.477318526448
2294,76.4333333,1007,276
2295,76.4666666,1007.50125983123,271.73929143451
2296,76.5,1008,267.5
2297,76.5333333,1008.12531495781,264.367126054787
2298,76.5666667,1008.25062991562,261.234252109574
2299,76.6,1008.37594487343,258.101378164361
2300,76.6333334,1008.5,255
2301,76.6666666,1008.5,253.295715039949
2302,76.7,1008.5,251.591430079897
2303,76.7333333,1008.5,249.887145119846
2304,76.7666667,1008.5,248.182860159794
2305,76.8,1008.5,246.5
2306,76.8333333,1008.5,245.798236025743
2307,76.8666666,1008.5,245.096472051486
2308,76.9,1008.5,244.39470807723
2309,76.9333333,1008.5,243.692944102973
2310,76.9666667,1008.5,243
2311,77,1008.62531505179,241.621534430258
2312,77.0333334,1008.75063010359,240.243068860515
2313,77.0666666,1008.87594515538,238.864603290773
2314,77.1,1009,237.5
2315,77.1333333,1009,234.158266120907
2316,77.1666667,1009,230.816532241813
2317,77.2,1009,227.5
2318,77.2333333,1009.16708669395,224.158266120907
2319,77.2666666,1009.33417338791,220.816532241814
2320,77.3,1009.5,217.5
2321,77.3333334,1009.66708669395,215.327872978589
2322,77.3666667,1009.83417338791,213.155745957179
2323,77.4,1010,211
2324,77.4333333,1010.10025199632,209.897228040454
2325,77.4666666,1010.20050399264,208.794456080907
2326,77.5,1010.30075598897,207.691684121361
2327,77.5333333,1010.40100798529,206.588912161814
2328,77.5666667,1010.5,205.5
2329,77.6,1010.37468494821,204.998739792821
2330,77.6333334,1010.24936989641,204.497479585642
2331,77.6666666,1010.12405484462,203.996219378463
2332,77.7,1010,203.5
2333,77.7333333,1009.89974794353,203.5
2334,77.7666667,1009.79949588705,203.5
2335,77.8,1009.69924383058,203.5
2336,77.8333333,1009.59899177411,203.5
2337,77.8666666,1009.5,203.5
2338,77.9,1009.66708652687,203.5
2339,77.9333333,1009.83417305374,203.5
2340,77.9666667,1010,203.5
2341,78,1010,203.399747943526
2342,78.0333334,1010,203.299495887053
2343,78.0666666,1010,203.199243830579
2344,78.1,1010,203.098991774106
2345,78.1333333,1010,203
2346,78.1666667,1009.49873991814,203.668346775819
2347,78.2,1008.99747983627,204.336693551638
2348,78.2333333,1008.5,205
2349,78.2666666,1008.5,206.503780245592
2350,78.3,1008.5,208.007560491184
2351,78.3333333,1008.5,209.5
2352,78.3666667,1008.33291347313,210.836692214945
2353,78.4,1008.16582694626,212.17338442989
2354,78.4333334,1008,213.5
2355,78.4666666,1008,216.006302915623
2356,78.5,1008,218.512605831246
2357,78.5333333,1008,221
2358,78.5666667,1007.83291330605,224.675907267002
2359,78.6,1007.66582661209,228.351814534004
2360,78.6333333,1007.5,232
2361,78.6666666,1007.33291330605,235.842993960958
2362,78.7,1007.16582661209,239.685987921916
2363,78.7333333,1007,243.5
2364,78.7666667,1007,247.677163171703
2365,78.8,1007,251.854326343406
2366,78.8333334,1007,256
2367,78.8666666,1006.83291313896,260.010084664996
2368,78.9,1006.66582627792,264.020169329993
2369,78.9333333,1006.5,268
2370,78.9666667,1006.5,271.132876294869
2371,79,1006.5,274.265752589738
2372,79.0333333,1006.5,277.398628884606
2373,79.0666666,1006.5,280.5
2374,79.1,1006.33291347313,284.175903591099
2375,79.1333333,1006.16582694626,287.851807182198
2376,79.1666667,1006,291.5
2377,79.2,1006,294.507563498747
2378,79.2333334,1006,297.515126997495
2379,79.2666666,1006,300.5
2380,79.3,1005.83291347313,304.008817064231
2381,79.3333333,1005.66582694626,307.517634128461
2382,79.3666667,1005.5,311
2383,79.4,1005.66708686104,313.673389776664
2384,79.4333333,1005.83417372208,316.346779553329
2385,79.4666666,1006,319
2386,79.5,1006,322.341730537363
2387,79.5333333,1006,325.683461074726
2388,79.5666667,1006,329
2389,79.6,1005.83291313896,332.34173722083
2390,79.6333334,1005.66582627792,335.683474441661
2391,79.6666666,1005.5,339
2392,79.7,1005.75062991562,341.882244029596
2393,79.7333333,1006.00125983123,344.764488059191
2394,79.7666667,1006.25188974685,347.646732088787
2395,79.8,1006.5,350.5
2396,79.8333333,1006.24936989641,353.507561243074
2397,79.8666666,1005.99873979282,356.515122486149
2398,79.9,1005.74810968923,359.522683729223
2399,79.9333333,1005.5,362.5
2400,79.9666667,1005.5,365.340470956758
2401,80,1005.5,368.180941913516
2402,80.0333334,1005.5,371
2403,80.0666666,1005.5,374.34173722083
2404,80.1,1005.5,377.68347444166
2405,80.1333333,1005.5,381
2406,80.1666667,1005.5,384.258188903022
2407,80.2,1005.5,387.5
2408,80.2333333,1005.33291330605,390.841733879093
2409,80.2666666,1005.16582661209,394.183467758186
2410,80.3,1005,397.5
2411,80.3333333,1005.25062991562,400.507558987404
2412,80.3666667,1005.5,403.5
